<?xml version="1.0" encoding="UTF-8"?>
<UIStates>
    <Binder Show="Yes">
        <ShowCollections>No</ShowCollections>
        <SelectedCollection>0</SelectedCollection>
        <SubdocumentCounts>No</SubdocumentCounts>
        <ExpandedItems>
            <ItemID>C2B7CD89-AB5C-42DC-B877-91BB443E413C</ItemID>
            <ItemID>9D32A05A-EAD8-47BC-B2CD-1E7C5DF4EFD5</ItemID>
            <ItemID>185EE090-0171-43C1-AF8F-E47D6194AD3D</ItemID>
            <ItemID>F8665414-346F-4086-A526-E4BEB96BC2A6</ItemID>
            <ItemID>9D01F500-60C4-46B8-B2DB-F15724E03AF6</ItemID>
            <ItemID>0AE34505-3DFF-47B8-A481-2ADD2B2C5922</ItemID>
            <ItemID>2FFDCCCD-CD23-4EE3-AF0C-446D17B43D51</ItemID>
            <ItemID>10C0FF65-2FEC-4F34-A443-624AD927A6AF</ItemID>
            <ItemID>CBFA9E74-59DB-4E57-85BB-A33AF1DB07E0</ItemID>
            <ItemID>8B014782-1E52-4F6D-B15C-CA5FB440B23B</ItemID>
        </ExpandedItems>
        <Selection>
            <ItemID>EEABDE41-1792-41EA-9E11-E99394992EFE</ItemID>
        </Selection>
        <SearchResultsSort Titles="Ascending" Dates="Ascending">None</SearchResultsSort>
    </Binder>
    <Inspector Show="Yes" View="MetaData">
        <ShowProjectBookmarks>No</ShowProjectBookmarks>
        <ShowSimilarTexts>No</ShowSimilarTexts>
        <FootnoteNumbers Prompt="No">No</FootnoteNumbers>
    </Inspector>
    <Split>None</Split>
    <BinderAffects>Current</BinderAffects>
    <Labels>
        <Binder FullWidth="Yes">No</Binder>
        <Icons>Yes</Icons>
        <IndexCards>No</IndexCards>
        <OutlinerRows>Yes</OutlinerRows>
        <ScriveningsTitles>No</ScriveningsTitles>
    </Labels>
    <Corkboards>
        <LabelIndicators>Yes</LabelIndicators>
        <Stamps>No</Stamps>
        <Keywords>No</Keywords>
        <Numbers Restart="No">No</Numbers>
        <SnapToGrid>No</SnapToGrid>
        <BlankCardsAsGhosts>No</BlankCardsAsGhosts>
    </Corkboards>
    <Text>
        <ShowFormatBar>Yes</ShowFormatBar>
        <UseVerticalLayout>No</UseVerticalLayout>
        <ShowScriveningsTitles>Yes</ShowScriveningsTitles>
        <ShowInvisibles>No</ShowInvisibles>
        <RevisionMode>0</RevisionMode>
        <TextChecking>
            <Spelling>Yes</Spelling>
            <Grammar>No</Grammar>
            <SmartQuotes>No</SmartQuotes>
            <SmartDashes>No</SmartDashes>
        </TextChecking>
    </Text>
    <ProjectKeywords>
        <ExpandedItems>
            <ItemID>21</ItemID>
            <ItemID>25</ItemID>
            <ItemID>33</ItemID>
            <ItemID>37</ItemID>
        </ExpandedItems>
    </ProjectKeywords>
    <FullScreen>
        <ShowRuler>No</ShowRuler>
        <PageLayout Facing="No">No</PageLayout>
        <TypewriterScrolling>Yes</TypewriterScrolling>
    </FullScreen>
    <Editors Primary="Editor1">
        <Editor1>
            <View>
                <ShowHeader>Yes</ShowHeader>
                <ShowFooter>Yes</ShowFooter>
                <GroupsViewMode>Outliner</GroupsViewMode>
                <CurrentViewMode>Single</CurrentViewMode>
                <SelectionAffects>Split</SelectionAffects>
                <Content>
                    <ItemID>EEABDE41-1792-41EA-9E11-E99394992EFE</ItemID>
                </Content>
                <NavigationHistory CurrentIndex="99">
                    <HistoryItem Type="BinderItems" ViewMode="Single">FDFFF7C5-E825-4EAD-A2C1-B0E6C1F3FFEC</HistoryItem>
                    <HistoryItem Type="BinderItems" ViewMode="Single">6519FB43-5BED-4F99-9D0A-54366D60161F</HistoryItem>
                    <HistoryItem Type="BinderItems" ViewMode="Single">712085EC-2DB5-4889-9F46-6867C5C5D3FA</HistoryItem>
                    <HistoryItem Type="BinderItems" ViewMode="Single">FDFFF7C5-E825-4EAD-A2C1-B0E6C1F3FFEC</HistoryItem>
                    <HistoryItem Type="BinderItems" ViewMode="Single">6519FB43-5BED-4F99-9D0A-54366D60161F</HistoryItem>
                    <HistoryItem Type="BinderItems" ViewMode="Single">D35DBCA8-5DDC-4244-AD4E-7E1B32552825</HistoryItem>
                    <HistoryItem Type="BinderItems" ViewMode="Single">712085EC-2DB5-4889-9F46-6867C5C5D3FA</HistoryItem>
                    <HistoryItem Type="BinderItems" ViewMode="Single">C6EFC83F-3A17-42D2-8B4B-00066EEF3E28</HistoryItem>
                    <HistoryItem Type="BinderItems" ViewMode="Outliner">FDFFF7C5-E825-4EAD-A2C1-B0E6C1F3FFEC,6519FB43-5BED-4F99-9D0A-54366D60161F,C6EFC83F-3A17-42D2-8B4B-00066EEF3E28,712085EC-2DB5-4889-9F46-6867C5C5D3FA,D35DBCA8-5DDC-4244-AD4E-7E1B32552825</HistoryItem>
                    <HistoryItem Type="BinderItems" ViewMode="Single">712085EC-2DB5-4889-9F46-6867C5C5D3FA</HistoryItem>
                    <HistoryItem Type="BinderItems" ViewMode="Single">C6EFC83F-3A17-42D2-8B4B-00066EEF3E28</HistoryItem>
                    <HistoryItem Type="BinderItems" ViewMode="Single">6519FB43-5BED-4F99-9D0A-54366D60161F</HistoryItem>
                    <HistoryItem Type="BinderItems" ViewMode="Single">FDFFF7C5-E825-4EAD-A2C1-B0E6C1F3FFEC</HistoryItem>
                    <HistoryItem Type="BinderItems" ViewMode="Outliner">CBFA9E74-59DB-4E57-85BB-A33AF1DB07E0</HistoryItem>
                    <HistoryItem Type="BinderItems" ViewMode="Single">B8BAD63F-8DA5-483B-9161-1FF821C4BE33</HistoryItem>
                    <HistoryItem Type="BinderItems" ViewMode="Single">89C5CD13-BD32-46C4-B68A-EDDAFEED1CF3</HistoryItem>
                    <HistoryItem Type="BinderItems" ViewMode="Single">B8BAD63F-8DA5-483B-9161-1FF821C4BE33</HistoryItem>
                    <HistoryItem Type="BinderItems" ViewMode="Single">06F8B043-D43E-49A5-8586-184FFF1DBADF</HistoryItem>
                    <HistoryItem Type="BinderItems" ViewMode="Single">BE3D9312-AF1A-4813-99DC-DE83F4ECD7E9</HistoryItem>
                    <HistoryItem Type="BinderItems" ViewMode="Single">C9387760-8517-4B84-AF87-589307FE840D</HistoryItem>
                    <HistoryItem Type="BinderItems" ViewMode="Outliner">CBFA9E74-59DB-4E57-85BB-A33AF1DB07E0</HistoryItem>
                    <HistoryItem Type="BinderItems" ViewMode="Single">EEABDE41-1792-41EA-9E11-E99394992EFE</HistoryItem>
                    <HistoryItem Type="BinderItems" ViewMode="Single">BE3D9312-AF1A-4813-99DC-DE83F4ECD7E9</HistoryItem>
                    <HistoryItem Type="BinderItems" ViewMode="Single">C9387760-8517-4B84-AF87-589307FE840D</HistoryItem>
                    <HistoryItem Type="BinderItems" ViewMode="Single">70BAE30F-3489-4EB8-9969-CE93D181A003</HistoryItem>
                    <HistoryItem Type="BinderItems" ViewMode="Single">EDF6181A-D905-466D-9EB3-95C1268BBAEB</HistoryItem>
                    <HistoryItem Type="BinderItems" ViewMode="Single">D4BC0DAA-9468-4B2E-8C52-FA589BCCDD1E</HistoryItem>
                    <HistoryItem Type="BinderItems" ViewMode="Single">04F56CD1-0FF2-41CA-8F02-11C22A0CF817</HistoryItem>
                    <HistoryItem Type="BinderItems" ViewMode="Single">0C2C4D24-6C33-41D8-A3F0-BFF7C11BF11C</HistoryItem>
                    <HistoryItem Type="BinderItems" ViewMode="Single">4C43DA35-4D89-4AC4-ABF7-C338F7CCA1DF</HistoryItem>
                    <HistoryItem Type="BinderItems" ViewMode="Single">04F56CD1-0FF2-41CA-8F02-11C22A0CF817</HistoryItem>
                    <HistoryItem Type="BinderItems" ViewMode="Single">42E6653E-0E83-4C8B-A546-3F6686CBB5B9</HistoryItem>
                    <HistoryItem Type="BinderItems" ViewMode="Single">A5819D28-12F1-4D28-B351-EAE386DD6274</HistoryItem>
                    <HistoryItem Type="BinderItems" ViewMode="Single">0C2C4D24-6C33-41D8-A3F0-BFF7C11BF11C</HistoryItem>
                    <HistoryItem Type="BinderItems" ViewMode="Single">04F56CD1-0FF2-41CA-8F02-11C22A0CF817</HistoryItem>
                    <HistoryItem Type="BinderItems" ViewMode="Single">D4BC0DAA-9468-4B2E-8C52-FA589BCCDD1E</HistoryItem>
                    <HistoryItem Type="BinderItems" ViewMode="Single">EDF6181A-D905-466D-9EB3-95C1268BBAEB</HistoryItem>
                    <HistoryItem Type="BinderItems" ViewMode="Single">06F8B043-D43E-49A5-8586-184FFF1DBADF</HistoryItem>
                    <HistoryItem Type="BinderItems" ViewMode="Single">EDF6181A-D905-466D-9EB3-95C1268BBAEB</HistoryItem>
                    <HistoryItem Type="BinderItems" ViewMode="Single">A2D3BC57-E3B1-4858-A936-02E1F89E29A7</HistoryItem>
                    <HistoryItem Type="BinderItems" ViewMode="Single">4C43DA35-4D89-4AC4-ABF7-C338F7CCA1DF</HistoryItem>
                    <HistoryItem Type="BinderItems" ViewMode="Single">42E6653E-0E83-4C8B-A546-3F6686CBB5B9</HistoryItem>
                    <HistoryItem Type="BinderItems" ViewMode="Single">A5819D28-12F1-4D28-B351-EAE386DD6274</HistoryItem>
                    <HistoryItem Type="BinderItems" ViewMode="Single">0C2C4D24-6C33-41D8-A3F0-BFF7C11BF11C</HistoryItem>
                    <HistoryItem Type="BinderItems" ViewMode="Single">04F56CD1-0FF2-41CA-8F02-11C22A0CF817</HistoryItem>
                    <HistoryItem Type="BinderItems" ViewMode="Single">D4BC0DAA-9468-4B2E-8C52-FA589BCCDD1E</HistoryItem>
                    <HistoryItem Type="BinderItems" ViewMode="Single">EDF6181A-D905-466D-9EB3-95C1268BBAEB</HistoryItem>
                    <HistoryItem Type="BinderItems" ViewMode="Single">70BAE30F-3489-4EB8-9969-CE93D181A003</HistoryItem>
                    <HistoryItem Type="BinderItems" ViewMode="Single">C9387760-8517-4B84-AF87-589307FE840D</HistoryItem>
                    <HistoryItem Type="BinderItems" ViewMode="Single">BE3D9312-AF1A-4813-99DC-DE83F4ECD7E9</HistoryItem>
                    <HistoryItem Type="BinderItems" ViewMode="Single">937E8660-EC33-47F1-BC52-816A99FBBC26</HistoryItem>
                    <HistoryItem Type="BinderItems" ViewMode="Single">89C5CD13-BD32-46C4-B68A-EDDAFEED1CF3</HistoryItem>
                    <HistoryItem Type="BinderItems" ViewMode="Single">06F8B043-D43E-49A5-8586-184FFF1DBADF</HistoryItem>
                    <HistoryItem Type="BinderItems" ViewMode="Single">6EF673C7-9DB2-42D1-9AAB-65C355B85D39</HistoryItem>
                    <HistoryItem Type="BinderItems" ViewMode="Single">199473B2-E6ED-468E-93DC-CE3A18CD42C1</HistoryItem>
                    <HistoryItem Type="BinderItems" ViewMode="Single">FC607E45-A2D1-437C-864E-5A3C1D5519CF</HistoryItem>
                    <HistoryItem Type="BinderItems" ViewMode="Single">3F1B2671-62AC-4EB1-AC86-BF29339219EB</HistoryItem>
                    <HistoryItem Type="BinderItems" ViewMode="Single">AA3AC0DC-4A16-4DC8-94D2-BFB47C919555</HistoryItem>
                    <HistoryItem Type="BinderItems" ViewMode="Single">3F1B2671-62AC-4EB1-AC86-BF29339219EB</HistoryItem>
                    <HistoryItem Type="BinderItems" ViewMode="Single">EEABDE41-1792-41EA-9E11-E99394992EFE</HistoryItem>
                    <HistoryItem Type="BinderItems" ViewMode="Single">927D0F94-B18F-4013-A3FA-9C466416AF43</HistoryItem>
                    <HistoryItem Type="BinderItems" ViewMode="Single">610052D3-CAF0-4660-9585-92C62F150CEC</HistoryItem>
                    <HistoryItem Type="BinderItems" ViewMode="Single">771B2803-0B58-405F-8A2F-C720B5852395</HistoryItem>
                    <HistoryItem Type="BinderItems" ViewMode="Single">8255D7E4-1211-4266-85BE-6E445BF93BE5</HistoryItem>
                    <HistoryItem Type="BinderItems" ViewMode="Single">1BF867C2-CCD4-40D2-9678-CB800481F3A0</HistoryItem>
                    <HistoryItem Type="BinderItems" ViewMode="Single">A21ECEA4-FFA1-4A79-960A-2CF95EA610AB</HistoryItem>
                    <HistoryItem Type="BinderItems" ViewMode="Single">5CE7505E-41D9-4F08-9E79-E562725B3910</HistoryItem>
                    <HistoryItem Type="BinderItems" ViewMode="Single">771B2803-0B58-405F-8A2F-C720B5852395</HistoryItem>
                    <HistoryItem Type="BinderItems" ViewMode="Single">8255D7E4-1211-4266-85BE-6E445BF93BE5</HistoryItem>
                    <HistoryItem Type="BinderItems" ViewMode="Single">771B2803-0B58-405F-8A2F-C720B5852395</HistoryItem>
                    <HistoryItem Type="BinderItems" ViewMode="Single">C9387760-8517-4B84-AF87-589307FE840D</HistoryItem>
                    <HistoryItem Type="BinderItems" ViewMode="Single">4DC921CA-AE0E-4AE7-8B3B-956A2DD5BF0B</HistoryItem>
                    <HistoryItem Type="BinderItems" ViewMode="Single">28E4AEF0-E993-4AED-B36C-D45EE66FCBCE</HistoryItem>
                    <HistoryItem Type="BinderItems" ViewMode="Outliner">28E4AEF0-E993-4AED-B36C-D45EE66FCBCE,724E8835-2F2A-4288-8957-EEFB1D92413A,1AB3BC7E-221E-4E72-88CA-F8376C04E680,E4F662EA-5904-465F-A709-E9F001D66A52,EA34AC25-416C-4018-8F59-1204A188736B,E297D0E9-3F3B-44BE-8BA6-B976FAB8DBE0,96690C34-1F3E-4364-9883-79E52C6E4086,4999718C-11F3-4D34-ACCA-BB27CFC74482,9E10C7D5-D2D9-48A7-A5F4-5CB69C0ED66F,58DD51C0-A10D-42D4-A7CD-5633135703FF,1E8405F4-2C3C-4EEA-AE91-A30A669CBA56,BE61A69F-1CF4-4F73-B6E1-5AE74806D0BE,E6AB68C4-7984-42B9-B7B5-E97DFF5D254F,0928180C-5325-4A71-AE4E-3D928D8FC0C0,3CDA6495-B6EE-4128-9310-2608589863D8,1ACCA6A1-1239-443E-B1CC-D3CC9058013A,00D8463A-BF9B-4A7F-B1EB-A9E31C3C7DD5,052118A6-67D9-42DB-85BC-2580064AFDBA,738C54CF-007B-4FEF-9BE9-06A83FFB36AA,CEA91F34-37BF-4F61-9D7A-A6C719BD73C7,A5010D52-901E-4EEB-844E-FA1EB4CD3E50,02E1703A-A8DF-4963-B6BB-7EC596765A83,7C16A1CF-C98A-404E-BB2D-9DE381168FD0,47E6C7B1-52C7-4808-9F84-D744FC5059AC,8C1924EA-CA44-4C0D-81C5-6C492A8D428C,81324694-74DC-4D51-A306-31B3BACAB62D,9365A1FF-9C07-475D-BC15-C26ABFEA2F8A,1A827B70-E18D-4217-9BC1-060F295C3C2A,1CF52C53-47C7-4D3D-8D5A-BEAA6488C9DF,968406B6-1CA8-4FE6-A47A-DACD3B8581F0,26A66074-00AB-42C0-8606-32511B54C372,1EC25E43-4773-4CDD-A913-58307F7595B7,329B4244-5124-43BF-879A-2936CD687A54,E0AC5C3B-89F0-43B0-91E3-5243A94F3CDA,3D84AE21-B358-4AA8-AB21-150305887263,D9BC44BE-D988-45BB-A5F2-802824B18491,90404072-BE85-4DCA-8B04-EEB36978A86C,BA9F726B-65F6-43D9-B778-58332B018839,05D48670-397B-4D04-9316-2A335B150B53,F3D0975C-7F78-49AC-8F68-0965474ACDCF,DE8A243C-5A56-4716-A933-AAEAC98231F6,353E127B-BFF4-4E65-B3BF-34BD16109AA6</HistoryItem>
                    <HistoryItem Type="BinderItems" ViewMode="Single">BA9F726B-65F6-43D9-B778-58332B018839</HistoryItem>
                    <HistoryItem Type="BinderItems" ViewMode="Single">353E127B-BFF4-4E65-B3BF-34BD16109AA6</HistoryItem>
                    <HistoryItem Type="BinderItems" ViewMode="Single">DE8A243C-5A56-4716-A933-AAEAC98231F6</HistoryItem>
                    <HistoryItem Type="BinderItems" ViewMode="Single">F3D0975C-7F78-49AC-8F68-0965474ACDCF</HistoryItem>
                    <HistoryItem Type="BinderItems" ViewMode="Single">05D48670-397B-4D04-9316-2A335B150B53</HistoryItem>
                    <HistoryItem Type="BinderItems" ViewMode="Single">BA9F726B-65F6-43D9-B778-58332B018839</HistoryItem>
                    <HistoryItem Type="BinderItems" ViewMode="Single">90404072-BE85-4DCA-8B04-EEB36978A86C</HistoryItem>
                    <HistoryItem Type="BinderItems" ViewMode="Single">D9BC44BE-D988-45BB-A5F2-802824B18491</HistoryItem>
                    <HistoryItem Type="BinderItems" ViewMode="Single">3D84AE21-B358-4AA8-AB21-150305887263</HistoryItem>
                    <HistoryItem Type="BinderItems" ViewMode="Outliner">3D84AE21-B358-4AA8-AB21-150305887263,D9BC44BE-D988-45BB-A5F2-802824B18491,90404072-BE85-4DCA-8B04-EEB36978A86C,BA9F726B-65F6-43D9-B778-58332B018839,05D48670-397B-4D04-9316-2A335B150B53,F3D0975C-7F78-49AC-8F68-0965474ACDCF,DE8A243C-5A56-4716-A933-AAEAC98231F6,353E127B-BFF4-4E65-B3BF-34BD16109AA6</HistoryItem>
                    <HistoryItem Type="BinderItems" ViewMode="Single">BE3D9312-AF1A-4813-99DC-DE83F4ECD7E9</HistoryItem>
                    <HistoryItem Type="BinderItems" ViewMode="Single">C9387760-8517-4B84-AF87-589307FE840D</HistoryItem>
                    <HistoryItem Type="BinderItems" ViewMode="Single">70BAE30F-3489-4EB8-9969-CE93D181A003</HistoryItem>
                    <HistoryItem Type="BinderItems" ViewMode="Single">EDF6181A-D905-466D-9EB3-95C1268BBAEB</HistoryItem>
                    <HistoryItem Type="BinderItems" ViewMode="Single">D4BC0DAA-9468-4B2E-8C52-FA589BCCDD1E</HistoryItem>
                    <HistoryItem Type="BinderItems" ViewMode="Single">04F56CD1-0FF2-41CA-8F02-11C22A0CF817</HistoryItem>
                    <HistoryItem Type="BinderItems" ViewMode="Single">0C2C4D24-6C33-41D8-A3F0-BFF7C11BF11C</HistoryItem>
                    <HistoryItem Type="BinderItems" ViewMode="Single">04F56CD1-0FF2-41CA-8F02-11C22A0CF817</HistoryItem>
                    <HistoryItem Type="BinderItems" ViewMode="Single">D4BC0DAA-9468-4B2E-8C52-FA589BCCDD1E</HistoryItem>
                    <HistoryItem Type="BinderItems" ViewMode="Single">04F56CD1-0FF2-41CA-8F02-11C22A0CF817</HistoryItem>
                    <HistoryItem Type="BinderItems" ViewMode="Single">0C2C4D24-6C33-41D8-A3F0-BFF7C11BF11C</HistoryItem>
                    <HistoryItem Type="BinderItems" ViewMode="Single">A5819D28-12F1-4D28-B351-EAE386DD6274</HistoryItem>
                    <HistoryItem Type="BinderItems" ViewMode="Single">42E6653E-0E83-4C8B-A546-3F6686CBB5B9</HistoryItem>
                    <HistoryItem Type="BinderItems" ViewMode="Single">4C43DA35-4D89-4AC4-ABF7-C338F7CCA1DF</HistoryItem>
                    <HistoryItem Type="BinderItems" ViewMode="Single">6EF673C7-9DB2-42D1-9AAB-65C355B85D39</HistoryItem>
                    <HistoryItem Type="BinderItems" ViewMode="Single">EEABDE41-1792-41EA-9E11-E99394992EFE</HistoryItem>
                </NavigationHistory>
            </View>
            <Text>
                <ShowRuler>No</ShowRuler>
                <PageLayout Facing="No">No</PageLayout>
                <TypewriterScrolling>No</TypewriterScrolling>
                <LineNumbers Interval="5">No</LineNumbers>
                <Selection>48,0</Selection>
            </Text>
            <Outliner>
                <Columns>
                    <ColID>includeInExport</ColID>
                    <ColID>title</ColID>
                    <ColID>key</ColID>
                    <ColID>attributes</ColID>
                    <ColID>class</ColID>
                    <ColID>value</ColID>
                    <ColID>sectionType</ColID>
                    <ColID>🔒</ColID>
                    <ColID>status</ColID>
                </Columns>
                <ExpandedItems>
                    <ItemID>20859785-8CA5-467B-AFA0-EC4E7E2E1599</ItemID>
                    <ItemID>8D6D3F5E-91AA-449C-82A3-0CE5C106DCE7</ItemID>
                </ExpandedItems>
                <TitlesOnly>Yes</TitlesOnly>
                <HideIcons>No</HideIcons>
                <ShowNumbers>No</ShowNumbers>
                <KeywordsAsChips>No</KeywordsAsChips>
                <FixedRowHeights>No</FixedRowHeights>
            </Outliner>
            <Corkboard>
                <CardsAcross>-1</CardsAcross>
                <KeywordChips>5</KeywordChips>
                <SizeCardsToFit>Yes</SizeCardsToFit>
                <CardHeightRatio>0.6666</CardHeightRatio>
                <SectionsArrangement>Wrap</SectionsArrangement>
                <LabelThreadsUseColumns>No</LabelThreadsUseColumns>
            </Corkboard>
            <Copyholder PreferredOrientation="Vertical" VerticalPos="Right" HorizontalPos="Bottom">
                <Text>
                    <ShowRuler>No</ShowRuler>
                    <PageLayout Facing="No">No</PageLayout>
                    <TypewriterScrolling>No</TypewriterScrolling>
                    <LineNumbers Interval="1">No</LineNumbers>
                </Text>
            </Copyholder>
        </Editor1>
        <Editor2>
            <View>
                <ShowHeader>Yes</ShowHeader>
                <ShowFooter>Yes</ShowFooter>
                <GroupsViewMode>Scrivenings</GroupsViewMode>
                <CurrentViewMode>Single</CurrentViewMode>
                <SelectionAffects>None</SelectionAffects>
                <NavigationHistory CurrentIndex="2">
                    <HistoryItem Type="BinderItems" ViewMode="Single">3F37FF44-8C2F-4F3F-88D5-73ABDBE96499</HistoryItem>
                    <HistoryItem Type="BinderItems" ViewMode="Single">068CB7A6-6576-4111-8740-8DB1AA01AD6C</HistoryItem>
                    <HistoryItem Type="BinderItems" ViewMode="Scrivenings" ScriveningsSelection="0,0">CBFA9E74-59DB-4E57-85BB-A33AF1DB07E0</HistoryItem>
                </NavigationHistory>
            </View>
            <Text>
                <ShowRuler>No</ShowRuler>
                <PageLayout Facing="No">No</PageLayout>
                <TypewriterScrolling>No</TypewriterScrolling>
                <LineNumbers Interval="1">No</LineNumbers>
                <Selection>0,0</Selection>
            </Text>
            <Outliner>
                <Columns>
                    <ColID>title</ColID>
                    <ColID>value</ColID>
                </Columns>
                <ExpandedItems>
                    <ItemID>94EFD213-99C2-4B40-ADB6-D4447D2FC2D5</ItemID>
                    <ItemID>CF53DC5A-D016-4749-87D6-BBA45D4AB0E1</ItemID>
                    <ItemID>4B657382-B5CF-4A62-951A-12DC30654FCA</ItemID>
                    <ItemID>261CE875-FBA9-4143-ADD8-0CDB139E072B</ItemID>
                </ExpandedItems>
                <TitlesOnly>Yes</TitlesOnly>
                <HideIcons>No</HideIcons>
                <ShowNumbers>No</ShowNumbers>
                <KeywordsAsChips>Yes</KeywordsAsChips>
                <FixedRowHeights>No</FixedRowHeights>
            </Outliner>
            <Corkboard>
                <CardsAcross>-1</CardsAcross>
                <KeywordChips>5</KeywordChips>
                <SizeCardsToFit>Yes</SizeCardsToFit>
                <CardHeightRatio>0.6666</CardHeightRatio>
                <SectionsArrangement>Wrap</SectionsArrangement>
                <LabelThreadsUseColumns>No</LabelThreadsUseColumns>
            </Corkboard>
            <Copyholder PreferredOrientation="Vertical" VerticalPos="Right" HorizontalPos="Bottom">
                <Text>
                    <ShowRuler>No</ShowRuler>
                    <PageLayout Facing="No">No</PageLayout>
                    <TypewriterScrolling>No</TypewriterScrolling>
                    <LineNumbers Interval="1">No</LineNumbers>
                </Text>
            </Copyholder>
        </Editor2>
    </Editors>
</UIStates>