<?xml version="1.0" encoding="UTF-8"?>
<Snapshots Version="1.0">
    <Snapshot>
        <Title>Untitled (Save)</Title>
        <Date>2023-06-18 22:49:37 -0300</Date>
        <Comments>
            <Comment ID="422F424C-DF8C-401C-BF6C-D9068B5A6C3D" Author="Ian Andolina" Footnote="Yes" Color="0.949769 0.949769 0.949769"><![CDATA[{\rtf1\ansi\ansicpg1252\cocoartf2709
\cocoatextscaling0\cocoaplatform0{\fonttbl\f0\fswiss\fcharset0 Helvetica;}
{\colortbl;\red255\green255\blue255;}
{\*\expandedcolortbl;;}
\pard\tx560\tx1120\tx1680\tx2240\tx2800\tx3360\tx3920\tx4480\tx5040\tx5600\tx6160\tx6720\pardirnatural\partightenfactor0

\f0\fs24 \cf0 This is a footnote, **with** a citation [@crivellato2007].}]]></Comment>
            <Comment ID="01A8E4C1-D970-43D7-BED2-D155E37C6DA5" Author="Ian Andolina" Color="0.999133 0.954802 0.756378"><![CDATA[{\rtf1\ansi\ansicpg1252\cocoartf2709
\cocoatextscaling0\cocoaplatform0{\fonttbl\f0\fswiss\fcharset0 Helvetica;}
{\colortbl;\red255\green255\blue255;}
{\*\expandedcolortbl;;}
\pard\tx560\tx1120\tx1680\tx2240\tx2800\tx3360\tx3920\tx4480\tx5040\tx5600\tx6160\tx6720\pardirnatural\partightenfactor0

\f0\fs24 \cf0 Jane Doe 16/04/2019, 14:50 - this is a comment.}]]></Comment>
        </Comments>
        <StyleIDs>9E1D6F63-C16B-40F9-9B02-8F049D09669E,436ABDF1-390E-40C7-9E2F-69F76D5E8171,9E4C3A4B-F970-46EA-B5C6-A00CCA28A57F,D328C77B-E18A-4606-8CCE-9668FDFDBBCA,093DCA3B-1879-467E-B93D-06230E245734,D97C52C7-5341-4EAA-BFBD-FA588A54D726,7DA90E13-17C6-4E68-A274-78EB284DFD11,8DFCA408-2ED0-45D9-9C06-5FD393D5D949,E156C22C-1EF4-47AD-B143-FDA83066DC4D,C46EA6A2-DF36-407B-B850-318F9E4D7118,FC5EFA20-2F76-4F4F-A589-276F497775B9,4C91AC97-5C93-4338-A0C8-9BD8C59EA787,9C2701C6-9523-4A50-AF4B-3C72B89091D1,F70453E3-362F-4297-BAD8-4FE93512146D</StyleIDs>
    </Snapshot>
</Snapshots>