<?xml version="1.0" encoding="UTF-8"?>
<Snapshots Version="1.0">
    <Snapshot>
        <Title>Untitled (Save)</Title>
        <Date>2023-06-12 23:54:45 -0300</Date>
        <StyleIDs>D7AD9701-CCA5-49D1-A178-D096CF3D098A</StyleIDs>
    </Snapshot>
    <Snapshot>
        <Title>Untitled (Save)</Title>
        <Date>2023-06-14 19:55:48 -0300</Date>
        <StyleIDs>D7AD9701-CCA5-49D1-A178-D096CF3D098A</StyleIDs>
    </Snapshot>
    <Snapshot>
        <Title>Untitled (Save)</Title>
        <Date>2023-06-16 16:36:10 -0300</Date>
        <StyleIDs>D7AD9701-CCA5-49D1-A178-D096CF3D098A</StyleIDs>
    </Snapshot>
</Snapshots>