<?xml version="1.0" encoding="UTF-8"?>
<UIStates>
    <Binder Show="Yes">
        <ShowCollections>Yes</ShowCollections>
        <SelectedCollection>4</SelectedCollection>
        <SubdocumentCounts>No</SubdocumentCounts>
        <ExpandedItems>
            <ItemID>9D32A05A-EAD8-47BC-B2CD-1E7C5DF4EFD5</ItemID>
        </ExpandedItems>
        <Selection>
            <ItemID>9D32A05A-EAD8-47BC-B2CD-1E7C5DF4EFD5</ItemID>
        </Selection>
        <SearchResultsSort Titles="Ascending" Dates="Ascending">None</SearchResultsSort>
    </Binder>
    <Inspector Show="Yes" View="Notes">
        <ShowProjectBookmarks>Yes</ShowProjectBookmarks>
        <ShowSimilarTexts>No</ShowSimilarTexts>
        <FootnoteNumbers Prompt="No">No</FootnoteNumbers>
    </Inspector>
    <Split>None</Split>
    <BinderAffects>Current</BinderAffects>
    <Labels>
        <Binder FullWidth="Yes">No</Binder>
        <Icons>No</Icons>
        <IndexCards>No</IndexCards>
        <OutlinerRows>No</OutlinerRows>
        <ScriveningsTitles>No</ScriveningsTitles>
    </Labels>
    <Corkboards>
        <LabelIndicators>Yes</LabelIndicators>
        <Stamps>No</Stamps>
        <Keywords>No</Keywords>
        <Numbers Restart="No">No</Numbers>
        <SnapToGrid>No</SnapToGrid>
        <BlankCardsAsGhosts>No</BlankCardsAsGhosts>
    </Corkboards>
    <Text>
        <ShowFormatBar>Yes</ShowFormatBar>
        <UseVerticalLayout>No</UseVerticalLayout>
        <ShowScriveningsTitles>Yes</ShowScriveningsTitles>
        <ShowInvisibles>Yes</ShowInvisibles>
        <RevisionMode>0</RevisionMode>
        <TextChecking>
            <Spelling>Yes</Spelling>
            <Grammar>No</Grammar>
            <SmartQuotes>No</SmartQuotes>
            <SmartDashes>No</SmartDashes>
        </TextChecking>
    </Text>
    <ProjectKeywords>
        <ExpandedItems>
            <ItemID>45</ItemID>
        </ExpandedItems>
    </ProjectKeywords>
    <FullScreen>
        <ShowRuler>No</ShowRuler>
        <PageLayout Facing="No">No</PageLayout>
        <TypewriterScrolling>Yes</TypewriterScrolling>
    </FullScreen>
    <Editors Primary="Editor1">
        <Editor1>
            <View>
                <ShowHeader>Yes</ShowHeader>
                <ShowFooter>Yes</ShowFooter>
                <GroupsViewMode>Single</GroupsViewMode>
                <CurrentViewMode>Single</CurrentViewMode>
                <SelectionAffects>None</SelectionAffects>
                <Content>
                    <ItemID>9D32A05A-EAD8-47BC-B2CD-1E7C5DF4EFD5</ItemID>
                </Content>
                <NavigationHistory CurrentIndex="99">
                    <HistoryItem Type="BinderItems" ViewMode="Single">448005BC-615C-4B6A-AD71-AD2538DFFA70</HistoryItem>
                    <HistoryItem Type="BinderItems" ViewMode="Single">DBFB87C1-A958-46D6-82FC-FC9AF20FA44B</HistoryItem>
                    <HistoryItem Type="BinderItems" ViewMode="Single">649EAA1C-7335-4958-A78A-B84F45299A3E</HistoryItem>
                    <HistoryItem Type="BinderItems" ViewMode="Single">448005BC-615C-4B6A-AD71-AD2538DFFA70</HistoryItem>
                    <HistoryItem Type="BinderItems" ViewMode="Single">C8EA18C3-CA7A-42A7-B179-69A323A3315B</HistoryItem>
                    <HistoryItem Type="BinderItems" ViewMode="Single">BF715C1A-5ABD-4C13-8843-8DBBFA9CFD30</HistoryItem>
                    <HistoryItem Type="BinderItems" ViewMode="Single">C65CBAEA-0C4C-4E8E-8AC2-888934976B71</HistoryItem>
                    <HistoryItem Type="BinderItems" ViewMode="Single">16C3B385-81E9-4A52-98B1-814B1B4B0FDF</HistoryItem>
                    <HistoryItem Type="BinderItems" ViewMode="Single">C65CBAEA-0C4C-4E8E-8AC2-888934976B71</HistoryItem>
                    <HistoryItem Type="BinderItems" ViewMode="Single">BF715C1A-5ABD-4C13-8843-8DBBFA9CFD30</HistoryItem>
                    <HistoryItem Type="BinderItems" ViewMode="Single">C8EA18C3-CA7A-42A7-B179-69A323A3315B</HistoryItem>
                    <HistoryItem Type="BinderItems" ViewMode="Single">448005BC-615C-4B6A-AD71-AD2538DFFA70</HistoryItem>
                    <HistoryItem Type="BinderItems" ViewMode="Single">C8EA18C3-CA7A-42A7-B179-69A323A3315B</HistoryItem>
                    <HistoryItem Type="BinderItems" ViewMode="Single">BF715C1A-5ABD-4C13-8843-8DBBFA9CFD30</HistoryItem>
                    <HistoryItem Type="BinderItems" ViewMode="Single">C65CBAEA-0C4C-4E8E-8AC2-888934976B71</HistoryItem>
                    <HistoryItem Type="BinderItems" ViewMode="Single">16C3B385-81E9-4A52-98B1-814B1B4B0FDF</HistoryItem>
                    <HistoryItem Type="BinderItems" ViewMode="Single">1EC25E43-4773-4CDD-A913-58307F7595B7</HistoryItem>
                    <HistoryItem Type="BinderItems" ViewMode="Single">D04A29F1-8103-4E3F-9781-698D9B1F60B2</HistoryItem>
                    <HistoryItem Type="BinderItems" ViewMode="Single">1EC25E43-4773-4CDD-A913-58307F7595B7</HistoryItem>
                    <HistoryItem Type="BinderItems" ViewMode="Single">D04A29F1-8103-4E3F-9781-698D9B1F60B2</HistoryItem>
                    <HistoryItem Type="BinderItems" ViewMode="Single">6157661D-80EE-4A36-959F-1455369F8BFB</HistoryItem>
                    <HistoryItem Type="BinderItems" ViewMode="Single">2BD23BC1-123A-473A-A8B2-3DF10D432A41</HistoryItem>
                    <HistoryItem Type="BinderItems" ViewMode="Single">90788EF7-AE55-4E2E-A4B2-950FCEE81719</HistoryItem>
                    <HistoryItem Type="BinderItems" ViewMode="Single">8CFCD280-3066-4E3D-A21F-22AF26121E40</HistoryItem>
                    <HistoryItem Type="BinderItems" ViewMode="Single">5D6F1A6F-67AF-4A65-971C-A7ED4FA3BE4F</HistoryItem>
                    <HistoryItem Type="BinderItems" ViewMode="Single">A0549AE7-4097-4347-A7C7-F346C590B6B6</HistoryItem>
                    <HistoryItem Type="BinderItems" ViewMode="Single">F979E1CC-0CC4-4065-BC69-1DA78945FCEE</HistoryItem>
                    <HistoryItem Type="BinderItems" ViewMode="Single">60661083-831C-4377-9A5D-24C0120B9C33</HistoryItem>
                    <HistoryItem Type="BinderItems" ViewMode="Single">D7148CDC-8596-43F7-B30F-0E600BA7EEA7</HistoryItem>
                    <HistoryItem Type="BinderItems" ViewMode="Single">C8F171B6-86E0-461C-8F76-57781A25D4B4</HistoryItem>
                    <HistoryItem Type="BinderItems" ViewMode="Single">2ADED202-B00C-47E9-8B3D-53D25A79003A</HistoryItem>
                    <HistoryItem Type="BinderItems" ViewMode="Single">F4222D91-969D-45D2-9CA8-61C9F6067AA6</HistoryItem>
                    <HistoryItem Type="BinderItems" ViewMode="Single">119F417A-4343-4020-84B7-FF6E400109D3</HistoryItem>
                    <HistoryItem Type="BinderItems" ViewMode="Single">CA68728E-CB92-48F0-AE9E-80DA6EEF80C5</HistoryItem>
                    <HistoryItem Type="BinderItems" ViewMode="Single">FEF0FD60-4959-45A8-A630-3C19117C13DD</HistoryItem>
                    <HistoryItem Type="BinderItems" ViewMode="Single">67BE2FDD-5FF4-46C7-AC30-87475CF7FC2D</HistoryItem>
                    <HistoryItem Type="BinderItems" ViewMode="Single">8AAB0BA1-F001-41CC-8538-9FF761D91EFE</HistoryItem>
                    <HistoryItem Type="BinderItems" ViewMode="Single">67BE2FDD-5FF4-46C7-AC30-87475CF7FC2D</HistoryItem>
                    <HistoryItem Type="BinderItems" ViewMode="Single">234E1501-8372-4900-AA9D-F82EAF3B1C83</HistoryItem>
                    <HistoryItem Type="BinderItems" ViewMode="Single">735E1D39-F639-4735-A0ED-46A5E68CCC4F</HistoryItem>
                    <HistoryItem Type="BinderItems" ViewMode="Single">A231A5ED-A467-4FB6-B3AB-5586C6B89CD9</HistoryItem>
                    <HistoryItem Type="BinderItems" ViewMode="Single">735E1D39-F639-4735-A0ED-46A5E68CCC4F</HistoryItem>
                    <HistoryItem Type="BinderItems" ViewMode="Single">234E1501-8372-4900-AA9D-F82EAF3B1C83</HistoryItem>
                    <HistoryItem Type="BinderItems" ViewMode="Single">67BE2FDD-5FF4-46C7-AC30-87475CF7FC2D</HistoryItem>
                    <HistoryItem Type="BinderItems" ViewMode="Single">234E1501-8372-4900-AA9D-F82EAF3B1C83</HistoryItem>
                    <HistoryItem Type="BinderItems" ViewMode="Single">735E1D39-F639-4735-A0ED-46A5E68CCC4F</HistoryItem>
                    <HistoryItem Type="BinderItems" ViewMode="Single">A231A5ED-A467-4FB6-B3AB-5586C6B89CD9</HistoryItem>
                    <HistoryItem Type="BinderItems" ViewMode="Single">E4BBD4AC-0E51-4F24-BFD4-ED3CCA20092D</HistoryItem>
                    <HistoryItem Type="BinderItems" ViewMode="Single">8AAB0BA1-F001-41CC-8538-9FF761D91EFE</HistoryItem>
                    <HistoryItem Type="BinderItems" ViewMode="Single">C55B37F9-E535-479D-8C8E-239294AE92BD</HistoryItem>
                    <HistoryItem Type="BinderItems" ViewMode="Single">8AAB0BA1-F001-41CC-8538-9FF761D91EFE</HistoryItem>
                    <HistoryItem Type="BinderItems" ViewMode="Single">735E1D39-F639-4735-A0ED-46A5E68CCC4F</HistoryItem>
                    <HistoryItem Type="BinderItems" ViewMode="Single">E17766A9-EF47-4686-B439-2CAD65E10CA6</HistoryItem>
                    <HistoryItem Type="BinderItems" ViewMode="Single">99D892C6-68BF-4B2A-8B29-6B6FDE6E47DC</HistoryItem>
                    <HistoryItem Type="BinderItems" ViewMode="Single">C4B9099F-A7C8-449E-9464-6FC16A9DAC19</HistoryItem>
                    <HistoryItem Type="BinderItems" ViewMode="Single">99D892C6-68BF-4B2A-8B29-6B6FDE6E47DC</HistoryItem>
                    <HistoryItem Type="BinderItems" ViewMode="Single">12E3CDF7-4C4C-42E1-B672-8944A18B2164</HistoryItem>
                    <HistoryItem Type="BinderItems" ViewMode="Single">234E1501-8372-4900-AA9D-F82EAF3B1C83</HistoryItem>
                    <HistoryItem Type="BinderItems" ViewMode="Single">068A9F8E-8EE6-42B1-A0F9-3C0FDA47F18B</HistoryItem>
                    <HistoryItem Type="BinderItems" ViewMode="Single">234E1501-8372-4900-AA9D-F82EAF3B1C83</HistoryItem>
                    <HistoryItem Type="BinderItems" ViewMode="Single">735E1D39-F639-4735-A0ED-46A5E68CCC4F</HistoryItem>
                    <HistoryItem Type="BinderItems" ViewMode="Single">234E1501-8372-4900-AA9D-F82EAF3B1C83</HistoryItem>
                    <HistoryItem Type="BinderItems" ViewMode="Single">735E1D39-F639-4735-A0ED-46A5E68CCC4F</HistoryItem>
                    <HistoryItem Type="BinderItems" ViewMode="Single">A231A5ED-A467-4FB6-B3AB-5586C6B89CD9</HistoryItem>
                    <HistoryItem Type="BinderItems" ViewMode="Single">67BE2FDD-5FF4-46C7-AC30-87475CF7FC2D</HistoryItem>
                    <HistoryItem Type="BinderItems" ViewMode="Single">234E1501-8372-4900-AA9D-F82EAF3B1C83</HistoryItem>
                    <HistoryItem Type="BinderItems" ViewMode="Single">735E1D39-F639-4735-A0ED-46A5E68CCC4F</HistoryItem>
                    <HistoryItem Type="BinderItems" ViewMode="Single">234E1501-8372-4900-AA9D-F82EAF3B1C83</HistoryItem>
                    <HistoryItem Type="BinderItems" ViewMode="Single">735E1D39-F639-4735-A0ED-46A5E68CCC4F</HistoryItem>
                    <HistoryItem Type="BinderItems" ViewMode="Single">A231A5ED-A467-4FB6-B3AB-5586C6B89CD9</HistoryItem>
                    <HistoryItem Type="BinderItems" ViewMode="Single">E4BBD4AC-0E51-4F24-BFD4-ED3CCA20092D</HistoryItem>
                    <HistoryItem Type="BinderItems" ViewMode="Single">8AAB0BA1-F001-41CC-8538-9FF761D91EFE</HistoryItem>
                    <HistoryItem Type="BinderItems" ViewMode="Single">C55B37F9-E535-479D-8C8E-239294AE92BD</HistoryItem>
                    <HistoryItem Type="BinderItems" ViewMode="Single">161073A4-622A-4320-A1EE-F3D8A900AE2C</HistoryItem>
                    <HistoryItem Type="BinderItems" ViewMode="Single">CAF7A4BD-2FD1-4B49-B242-3536D52DDB11</HistoryItem>
                    <HistoryItem Type="BinderItems" ViewMode="Single">2DDD6034-0E8D-4E28-A72A-05E8FF80BF3A</HistoryItem>
                    <HistoryItem Type="BinderItems" ViewMode="Single">E7E12460-BFAF-4EC2-A795-752DCE050332</HistoryItem>
                    <HistoryItem Type="BinderItems" ViewMode="Single">71FF3982-ED8B-40E4-ACA9-048AF7F81DBB</HistoryItem>
                    <HistoryItem Type="BinderItems" ViewMode="Single">2F78F4E8-5101-4D37-8D71-B9D7DD96050C</HistoryItem>
                    <HistoryItem Type="BinderItems" ViewMode="Single">63887E1A-8718-4B83-B987-E69E387A692F</HistoryItem>
                    <HistoryItem Type="BinderItems" ViewMode="Single">968F8624-CE8F-4115-929F-190AFA4A32EE</HistoryItem>
                    <HistoryItem Type="BinderItems" ViewMode="Single">F04F8770-AFFF-4621-A37C-C428B688B45D</HistoryItem>
                    <HistoryItem Type="BinderItems" ViewMode="Single">04CD15B1-0B39-4700-920C-08C193CCA7DC</HistoryItem>
                    <HistoryItem Type="BinderItems" ViewMode="Single">24722DD6-140D-4B28-8EA6-A2F922F55371</HistoryItem>
                    <HistoryItem Type="BinderItems" ViewMode="Single">2016255A-2C1C-4662-93AD-E7DEB3883ED3</HistoryItem>
                    <HistoryItem Type="BinderItems" ViewMode="Single">2582C42A-3D2C-4E8A-8FAC-2C5EC98316FE</HistoryItem>
                    <HistoryItem Type="BinderItems" ViewMode="Single">CC0AE0CB-C5F6-405C-82E0-BE0D051C7A8E</HistoryItem>
                    <HistoryItem Type="BinderItems" ViewMode="Single">00335244-4D38-4EBC-99BA-16E416FFA7A5</HistoryItem>
                    <HistoryItem Type="BinderItems" ViewMode="Single">10F468A7-DA41-4F75-81A0-A42074741373</HistoryItem>
                    <HistoryItem Type="BinderItems" ViewMode="Single">1CDFCD89-41E6-498D-8D84-C6DC23E2F9C1</HistoryItem>
                    <HistoryItem Type="BinderItems" ViewMode="Single">C55B37F9-E535-479D-8C8E-239294AE92BD</HistoryItem>
                    <HistoryItem Type="BinderItems" ViewMode="Single">161073A4-622A-4320-A1EE-F3D8A900AE2C</HistoryItem>
                    <HistoryItem Type="BinderItems" ViewMode="Single">67BE2FDD-5FF4-46C7-AC30-87475CF7FC2D</HistoryItem>
                    <HistoryItem Type="BinderItems" ViewMode="Single">FEF0FD60-4959-45A8-A630-3C19117C13DD</HistoryItem>
                    <HistoryItem Type="BinderItems" ViewMode="Single">CA68728E-CB92-48F0-AE9E-80DA6EEF80C5</HistoryItem>
                    <HistoryItem Type="BinderItems" ViewMode="Single">D04A29F1-8103-4E3F-9781-698D9B1F60B2</HistoryItem>
                    <HistoryItem Type="BinderItems" ViewMode="Single">448005BC-615C-4B6A-AD71-AD2538DFFA70</HistoryItem>
                    <HistoryItem Type="BinderItems" ViewMode="Single">C8EA18C3-CA7A-42A7-B179-69A323A3315B</HistoryItem>
                    <HistoryItem Type="BinderItems" ViewMode="Single">068A9F8E-8EE6-42B1-A0F9-3C0FDA47F18B</HistoryItem>
                    <HistoryItem Type="BinderItems" ViewMode="Single">9D32A05A-EAD8-47BC-B2CD-1E7C5DF4EFD5</HistoryItem>
                </NavigationHistory>
            </View>
            <Text>
                <ShowRuler>No</ShowRuler>
                <PageLayout Facing="No">No</PageLayout>
                <TypewriterScrolling>No</TypewriterScrolling>
                <LineNumbers Interval="5">No</LineNumbers>
                <Selection>136,0</Selection>
            </Text>
            <Outliner>
                <Columns>
                    <ColID>title</ColID>
                    <ColID>status</ColID>
                    <ColID>label</ColID>
                    <ColID>sectionType</ColID>
                    <ColID>characters</ColID>
                    <ColID>modifiedDate</ColID>
                    <ColID>includeInExport</ColID>
                </Columns>
                <TitlesOnly>Yes</TitlesOnly>
                <HideIcons>No</HideIcons>
                <ShowNumbers>No</ShowNumbers>
                <KeywordsAsChips>No</KeywordsAsChips>
                <FixedRowHeights>Yes</FixedRowHeights>
            </Outliner>
            <Corkboard>
                <CardsAcross>1</CardsAcross>
                <KeywordChips>5</KeywordChips>
                <SizeCardsToFit>Yes</SizeCardsToFit>
                <CardHeightRatio>0.6666</CardHeightRatio>
                <SectionsArrangement>Wrap</SectionsArrangement>
                <LabelThreadsUseColumns>No</LabelThreadsUseColumns>
            </Corkboard>
            <Copyholder PreferredOrientation="Vertical" VerticalPos="Right" HorizontalPos="Bottom">
                <Text>
                    <ShowRuler>No</ShowRuler>
                    <PageLayout Facing="No">No</PageLayout>
                    <TypewriterScrolling>No</TypewriterScrolling>
                    <LineNumbers Interval="1">No</LineNumbers>
                </Text>
            </Copyholder>
        </Editor1>
        <Editor2>
            <View>
                <ShowHeader>Yes</ShowHeader>
                <ShowFooter>Yes</ShowFooter>
                <GroupsViewMode>Scrivenings</GroupsViewMode>
                <CurrentViewMode>Single</CurrentViewMode>
                <SelectionAffects>None</SelectionAffects>
                <NavigationHistory CurrentIndex="-1"/>
            </View>
            <Text>
                <ShowRuler>No</ShowRuler>
                <PageLayout Facing="No">No</PageLayout>
                <TypewriterScrolling>No</TypewriterScrolling>
                <LineNumbers Interval="1">No</LineNumbers>
                <Selection>0,0</Selection>
            </Text>
            <Outliner>
                <Columns>
                    <ColID>title</ColID>
                </Columns>
                <ExpandedItems>
                    <ItemID>A3CB72EA-BF23-49B2-A4AD-B5F3F8210D1F</ItemID>
                    <ItemID>F158BC89-F6A6-428D-8F56-990FDF973C45</ItemID>
                    <ItemID>04497A9A-7374-489B-8E83-4A0CB4A5BE91</ItemID>
                    <ItemID>855E87E6-807C-464E-8D03-9C7C83608836</ItemID>
                    <ItemID>ADDED130-32E9-4A45-9510-CECC0FDDAA1A</ItemID>
                    <ItemID>B659C658-EF8E-4071-A8A0-0BB5E01412FA</ItemID>
                    <ItemID>1450F7FA-7FE7-4B7D-AA9E-52EF622DA68D</ItemID>
                    <ItemID>62EA13BF-F4AA-495E-9654-F9D353AE4880</ItemID>
                    <ItemID>BEFA6EF1-FE0D-42E3-BE1B-BC426E414995</ItemID>
                    <ItemID>CE8E2B90-4C83-4D4A-9AD3-DC2424A12087</ItemID>
                    <ItemID>21DBB92D-6B96-475E-B744-AD57CA7F1EF6</ItemID>
                    <ItemID>9F2BB147-F146-4D4D-8B9D-4A51039B3B21</ItemID>
                    <ItemID>C34A4F46-03D4-463E-97C3-336E1883F405</ItemID>
                </ExpandedItems>
                <TitlesOnly>Yes</TitlesOnly>
                <HideIcons>No</HideIcons>
                <ShowNumbers>No</ShowNumbers>
                <KeywordsAsChips>Yes</KeywordsAsChips>
                <FixedRowHeights>No</FixedRowHeights>
            </Outliner>
            <Corkboard>
                <CardsAcross>1</CardsAcross>
                <KeywordChips>5</KeywordChips>
                <SizeCardsToFit>Yes</SizeCardsToFit>
                <CardHeightRatio>0.6666</CardHeightRatio>
                <SectionsArrangement>Wrap</SectionsArrangement>
                <LabelThreadsUseColumns>No</LabelThreadsUseColumns>
            </Corkboard>
            <Copyholder PreferredOrientation="Vertical" VerticalPos="Right" HorizontalPos="Bottom">
                <Text>
                    <ShowRuler>No</ShowRuler>
                    <PageLayout Facing="No">No</PageLayout>
                    <TypewriterScrolling>No</TypewriterScrolling>
                    <LineNumbers Interval="1">No</LineNumbers>
                </Text>
            </Copyholder>
        </Editor2>
    </Editors>
</UIStates>