<?xml version="1.0" encoding="UTF-8"?>
<Snapshots Version="1.0">
    <Snapshot>
        <Title>Untitled (Save)</Title>
        <Date>2022-12-07 13:58:47 -0300</Date>
        <StyleIDs>6972B12A-DE81-46F2-BEB1-42C8663F7167,2A4128A8-BFC2-4C52-B116-F2EF087CDDAE,99A1AFF8-D5DE-4258-86C7-4661052BED12,C46EA6A2-DF36-407B-B850-318F9E4D7118,D97C52C7-5341-4EAA-BFBD-FA588A54D726</StyleIDs>
    </Snapshot>
    <Snapshot>
        <Title>Untitled (Save)</Title>
        <Date>2022-12-07 14:26:58 -0300</Date>
        <StyleIDs>C46EA6A2-DF36-407B-B850-318F9E4D7118</StyleIDs>
    </Snapshot>
    <Snapshot>
        <Title>Untitled (Save)</Title>
        <Date>2022-12-10 18:24:08 -0300</Date>
        <StyleIDs>C46EA6A2-DF36-407B-B850-318F9E4D7118</StyleIDs>
    </Snapshot>
</Snapshots>