<?xml version="1.0" encoding="UTF-8"?>
<Snapshots Version="1.0">
    <Snapshot>
        <Title>Scrivener Native Table</Title>
        <Date>2023-08-12 21:58:08 -0300</Date>
        <StyleIDs>5D57CCB7-3104-4601-9E42-E77D0E0B01E0,BC8ECB69-3702-497E-9C10-0F825A64AB4E,1D61A071-0914-4B6A-A802-D1D8708DEF8B,589F68A6-305C-41D6-8FBA-58708123CC5E</StyleIDs>
    </Snapshot>
    <Snapshot>
        <Title>Grid Table</Title>
        <Date>2023-08-12 21:57:53 -0300</Date>
        <StyleIDs>1D61A071-0914-4B6A-A802-D1D8708DEF8B</StyleIDs>
    </Snapshot>
</Snapshots>