<?xml version="1.0" encoding="UTF-8"?>
<UIStates>
    <Binder Show="Yes">
        <ShowCollections>No</ShowCollections>
        <SelectedCollection>0</SelectedCollection>
        <SubdocumentCounts>No</SubdocumentCounts>
        <ExpandedItems>
            <ItemID>9D32A05A-EAD8-47BC-B2CD-1E7C5DF4EFD5</ItemID>
            <ItemID>D04A29F1-8103-4E3F-9781-698D9B1F60B2</ItemID>
        </ExpandedItems>
        <Selection>
            <ItemID>9D32A05A-EAD8-47BC-B2CD-1E7C5DF4EFD5</ItemID>
        </Selection>
        <SearchResultsSort Titles="Ascending" Dates="Ascending">None</SearchResultsSort>
    </Binder>
    <Inspector Show="Yes" View="Notes">
        <ShowProjectBookmarks>No</ShowProjectBookmarks>
        <ShowSimilarTexts>No</ShowSimilarTexts>
        <FootnoteNumbers Prompt="No">No</FootnoteNumbers>
    </Inspector>
    <Split>None</Split>
    <BinderAffects>Current</BinderAffects>
    <Labels>
        <Binder FullWidth="Yes">No</Binder>
        <Icons>No</Icons>
        <IndexCards>No</IndexCards>
        <OutlinerRows>No</OutlinerRows>
        <ScriveningsTitles>No</ScriveningsTitles>
    </Labels>
    <Corkboards>
        <LabelIndicators>Yes</LabelIndicators>
        <Stamps>No</Stamps>
        <Keywords>No</Keywords>
        <Numbers Restart="No">No</Numbers>
        <SnapToGrid>No</SnapToGrid>
        <BlankCardsAsGhosts>No</BlankCardsAsGhosts>
    </Corkboards>
    <Text>
        <ShowFormatBar>Yes</ShowFormatBar>
        <UseVerticalLayout>No</UseVerticalLayout>
        <ShowScriveningsTitles>Yes</ShowScriveningsTitles>
        <ShowInvisibles>No</ShowInvisibles>
        <RevisionMode>0</RevisionMode>
        <TextChecking>
            <Spelling>Yes</Spelling>
            <Grammar>No</Grammar>
            <SmartQuotes>No</SmartQuotes>
            <SmartDashes>No</SmartDashes>
        </TextChecking>
    </Text>
    <ProjectKeywords>
        <ExpandedItems>
            <ItemID>21</ItemID>
            <ItemID>25</ItemID>
            <ItemID>33</ItemID>
            <ItemID>37</ItemID>
        </ExpandedItems>
    </ProjectKeywords>
    <FullScreen>
        <ShowRuler>No</ShowRuler>
        <PageLayout Facing="No">No</PageLayout>
        <TypewriterScrolling>Yes</TypewriterScrolling>
    </FullScreen>
    <Editors Primary="Editor1">
        <Editor1>
            <View>
                <ShowHeader>Yes</ShowHeader>
                <ShowFooter>Yes</ShowFooter>
                <GroupsViewMode>Outliner</GroupsViewMode>
                <CurrentViewMode>Outliner</CurrentViewMode>
                <SelectionAffects>Split</SelectionAffects>
                <Content>
                    <ItemID>9D32A05A-EAD8-47BC-B2CD-1E7C5DF4EFD5</ItemID>
                </Content>
                <NavigationHistory CurrentIndex="99">
                    <HistoryItem Type="BinderItems" ViewMode="Outliner">94EFD213-99C2-4B40-ADB6-D4447D2FC2D5</HistoryItem>
                    <HistoryItem Type="BinderItems" ViewMode="Outliner">2EBE6532-D2E1-40EF-AFA6-5D0860F50FD0</HistoryItem>
                    <HistoryItem Type="BinderItems" ViewMode="Outliner">56C53AFA-A194-4465-B5E9-84C0BDC7844B</HistoryItem>
                    <HistoryItem Type="BinderItems" ViewMode="Single">0F855607-5D61-4A6E-A7D6-7096C343DA9B</HistoryItem>
                    <HistoryItem Type="BinderItems" ViewMode="Outliner">56C53AFA-A194-4465-B5E9-84C0BDC7844B</HistoryItem>
                    <HistoryItem Type="BinderItems" ViewMode="Single">0F855607-5D61-4A6E-A7D6-7096C343DA9B</HistoryItem>
                    <HistoryItem Type="BinderItems" ViewMode="Outliner">6E166A5C-F0A7-4B33-9751-BD511DBF6F55</HistoryItem>
                    <HistoryItem Type="BinderItems" ViewMode="Outliner">20859785-8CA5-467B-AFA0-EC4E7E2E1599</HistoryItem>
                    <HistoryItem Type="BinderItems" ViewMode="Single">9F0ABDE6-2812-4E06-858C-FCA1FF6AEC8E</HistoryItem>
                    <HistoryItem Type="BinderItems" ViewMode="Outliner">20859785-8CA5-467B-AFA0-EC4E7E2E1599</HistoryItem>
                    <HistoryItem Type="BinderItems" ViewMode="Outliner">E5274870-CB49-493A-AA10-9A6CBE777CF9</HistoryItem>
                    <HistoryItem Type="BinderItems" ViewMode="Single">BD05E69C-D0F3-48BB-AFF0-E09D806221EC</HistoryItem>
                    <HistoryItem Type="BinderItems" ViewMode="Single">8B6A1D8C-3C35-41F2-A325-FB6AA5298386</HistoryItem>
                    <HistoryItem Type="BinderItems" ViewMode="Outliner">A7D24053-5C1F-4243-AFED-B0621EE5AD8A</HistoryItem>
                    <HistoryItem Type="BinderItems" ViewMode="Single">8B6A1D8C-3C35-41F2-A325-FB6AA5298386</HistoryItem>
                    <HistoryItem Type="BinderItems" ViewMode="Single">BD05E69C-D0F3-48BB-AFF0-E09D806221EC</HistoryItem>
                    <HistoryItem Type="BinderItems" ViewMode="Outliner">E5274870-CB49-493A-AA10-9A6CBE777CF9</HistoryItem>
                    <HistoryItem Type="BinderItems" ViewMode="Outliner">20859785-8CA5-467B-AFA0-EC4E7E2E1599</HistoryItem>
                    <HistoryItem Type="BinderItems" ViewMode="Outliner">6E166A5C-F0A7-4B33-9751-BD511DBF6F55</HistoryItem>
                    <HistoryItem Type="BinderItems" ViewMode="Single">0F855607-5D61-4A6E-A7D6-7096C343DA9B</HistoryItem>
                    <HistoryItem Type="BinderItems" ViewMode="Outliner">C2B7CD89-AB5C-42DC-B877-91BB443E413C</HistoryItem>
                    <HistoryItem Type="BinderItems" ViewMode="Outliner">94EFD213-99C2-4B40-ADB6-D4447D2FC2D5</HistoryItem>
                    <HistoryItem Type="BinderItems" ViewMode="Outliner">C7870D41-0F25-4176-B5F7-9C92C6BB79C3</HistoryItem>
                    <HistoryItem Type="BinderItems" ViewMode="Outliner">10AEFED7-51A1-4C0E-93E2-C687B5811BFD</HistoryItem>
                    <HistoryItem Type="BinderItems" ViewMode="Outliner">C7870D41-0F25-4176-B5F7-9C92C6BB79C3</HistoryItem>
                    <HistoryItem Type="BinderItems" ViewMode="Outliner">79A0D2BA-0AB9-4E2C-9F59-BC78AA99F51D</HistoryItem>
                    <HistoryItem Type="BinderItems" ViewMode="Outliner">C7870D41-0F25-4176-B5F7-9C92C6BB79C3</HistoryItem>
                    <HistoryItem Type="BinderItems" ViewMode="Single">79D9CF07-60DD-4703-BB56-A21742901AE6</HistoryItem>
                    <HistoryItem Type="BinderItems" ViewMode="Outliner">C2B7CD89-AB5C-42DC-B877-91BB443E413C</HistoryItem>
                    <HistoryItem Type="BinderItems" ViewMode="Outliner">6E166A5C-F0A7-4B33-9751-BD511DBF6F55</HistoryItem>
                    <HistoryItem Type="BinderItems" ViewMode="Outliner">9D32A05A-EAD8-47BC-B2CD-1E7C5DF4EFD5</HistoryItem>
                    <HistoryItem Type="BinderItems" ViewMode="Outliner">DAEEA030-90C5-4CF3-B823-BA362EA9AFD3</HistoryItem>
                    <HistoryItem Type="BinderItems" ViewMode="Outliner">10C0FF65-2FEC-4F34-A443-624AD927A6AF</HistoryItem>
                    <HistoryItem Type="BinderItems" ViewMode="Single">4DC921CA-AE0E-4AE7-8B3B-956A2DD5BF0B</HistoryItem>
                    <HistoryItem Type="BinderItems" ViewMode="Outliner">D732E251-46CB-4868-8167-02A4290AE524</HistoryItem>
                    <HistoryItem Type="BinderItems" ViewMode="Outliner">F9035ED2-366D-437B-9633-29224DC3CCAE</HistoryItem>
                    <HistoryItem Type="BinderItems" ViewMode="Outliner">26A66074-00AB-42C0-8606-32511B54C372</HistoryItem>
                    <HistoryItem Type="BinderItems" ViewMode="Outliner">329B4244-5124-43BF-879A-2936CD687A54</HistoryItem>
                    <HistoryItem Type="BinderItems" ViewMode="Outliner">26A66074-00AB-42C0-8606-32511B54C372</HistoryItem>
                    <HistoryItem Type="BinderItems" ViewMode="Outliner">F9035ED2-366D-437B-9633-29224DC3CCAE</HistoryItem>
                    <HistoryItem Type="BinderItems" ViewMode="Outliner">3DAB7991-078E-4ADC-8F45-2FE118B4A0E4</HistoryItem>
                    <HistoryItem Type="BinderItems" ViewMode="Outliner">D732E251-46CB-4868-8167-02A4290AE524</HistoryItem>
                    <HistoryItem Type="BinderItems" ViewMode="Outliner">DBD03899-1239-42FE-9F64-D38FECFE98FC</HistoryItem>
                    <HistoryItem Type="BinderItems" ViewMode="Outliner">738C54CF-007B-4FEF-9BE9-06A83FFB36AA</HistoryItem>
                    <HistoryItem Type="BinderItems" ViewMode="Outliner">26A66074-00AB-42C0-8606-32511B54C372</HistoryItem>
                    <HistoryItem Type="BinderItems" ViewMode="Outliner">F9035ED2-366D-437B-9633-29224DC3CCAE</HistoryItem>
                    <HistoryItem Type="BinderItems" ViewMode="Outliner">3DAB7991-078E-4ADC-8F45-2FE118B4A0E4</HistoryItem>
                    <HistoryItem Type="BinderItems" ViewMode="Outliner">CBFA9E74-59DB-4E57-85BB-A33AF1DB07E0</HistoryItem>
                    <HistoryItem Type="BinderItems" ViewMode="Outliner">DBD03899-1239-42FE-9F64-D38FECFE98FC</HistoryItem>
                    <HistoryItem Type="BinderItems" ViewMode="Outliner">CBFA9E74-59DB-4E57-85BB-A33AF1DB07E0</HistoryItem>
                    <HistoryItem Type="BinderItems" ViewMode="Outliner">24587D8E-5C33-4571-86F6-0716B18B5ABE</HistoryItem>
                    <HistoryItem Type="BinderItems" ViewMode="Single">AFC53E11-A4E3-467C-AF11-CB6097D1EC71</HistoryItem>
                    <HistoryItem Type="BinderItems" ViewMode="Outliner">ABF41EB0-C490-4558-A5BD-2FF55EDAD48E</HistoryItem>
                    <HistoryItem Type="BinderItems" ViewMode="Outliner">24587D8E-5C33-4571-86F6-0716B18B5ABE</HistoryItem>
                    <HistoryItem Type="BinderItems" ViewMode="Single">4DC921CA-AE0E-4AE7-8B3B-956A2DD5BF0B</HistoryItem>
                    <HistoryItem Type="BinderItems" ViewMode="Outliner">24587D8E-5C33-4571-86F6-0716B18B5ABE</HistoryItem>
                    <HistoryItem Type="BinderItems" ViewMode="Outliner">CBFA9E74-59DB-4E57-85BB-A33AF1DB07E0</HistoryItem>
                    <HistoryItem Type="BinderItems" ViewMode="Outliner">00EA20C3-3E0C-4800-9CEA-9C69B72F5D5B,F9035ED2-366D-437B-9633-29224DC3CCAE</HistoryItem>
                    <HistoryItem Type="BinderItems" ViewMode="Outliner">00EA20C3-3E0C-4800-9CEA-9C69B72F5D5B,F9035ED2-366D-437B-9633-29224DC3CCAE,3DAB7991-078E-4ADC-8F45-2FE118B4A0E4,ED209C94-D073-4B85-A380-08941E951801,DCA0BF96-AEB6-4582-907C-AA3B77A6559E,997B85EE-BAD8-46FB-ABAD-F91462A4105E,0BA75A34-0967-45E2-8C78-BCE34DC28433,6E3062C7-2CD2-43AA-AD46-8CBD3FD6851C,D7FB83E9-DFD3-482F-9D4C-D70FC1D8907D,D732E251-46CB-4868-8167-02A4290AE524</HistoryItem>
                    <HistoryItem Type="BinderItems" ViewMode="Outliner">D7FB83E9-DFD3-482F-9D4C-D70FC1D8907D</HistoryItem>
                    <HistoryItem Type="BinderItems" ViewMode="Outliner">8B014782-1E52-4F6D-B15C-CA5FB440B23B</HistoryItem>
                    <HistoryItem Type="BinderItems" ViewMode="Single">B1B32F21-010B-4749-9CC0-4495E0EE3ABC</HistoryItem>
                    <HistoryItem Type="BinderItems" ViewMode="Single">A26B6004-0D2C-4E9E-977F-38CEACAB561C</HistoryItem>
                    <HistoryItem Type="BinderItems" ViewMode="Single">6867277E-E7BB-49B5-9A35-D026AB1041AA</HistoryItem>
                    <HistoryItem Type="BinderItems" ViewMode="Single">F59D4BB3-2F47-4FF7-8B38-B165E0FFD754</HistoryItem>
                    <HistoryItem Type="BinderItems" ViewMode="Single">E8956215-97C1-41DA-8AB9-50C2891EA656</HistoryItem>
                    <HistoryItem Type="BinderItems" ViewMode="Outliner">DAEEA030-90C5-4CF3-B823-BA362EA9AFD3</HistoryItem>
                    <HistoryItem Type="BinderItems" ViewMode="Outliner">10C0FF65-2FEC-4F34-A443-624AD927A6AF</HistoryItem>
                    <HistoryItem Type="BinderItems" ViewMode="Outliner">DBD03899-1239-42FE-9F64-D38FECFE98FC</HistoryItem>
                    <HistoryItem Type="BinderItems" ViewMode="Outliner">8B014782-1E52-4F6D-B15C-CA5FB440B23B</HistoryItem>
                    <HistoryItem Type="BinderItems" ViewMode="Outliner">00EA20C3-3E0C-4800-9CEA-9C69B72F5D5B</HistoryItem>
                    <HistoryItem Type="BinderItems" ViewMode="Outliner">F9035ED2-366D-437B-9633-29224DC3CCAE</HistoryItem>
                    <HistoryItem Type="BinderItems" ViewMode="Outliner">00EA20C3-3E0C-4800-9CEA-9C69B72F5D5B</HistoryItem>
                    <HistoryItem Type="BinderItems" ViewMode="Outliner">8B014782-1E52-4F6D-B15C-CA5FB440B23B</HistoryItem>
                    <HistoryItem Type="BinderItems" ViewMode="Outliner">DBD03899-1239-42FE-9F64-D38FECFE98FC</HistoryItem>
                    <HistoryItem Type="BinderItems" ViewMode="Single">B1B32F21-010B-4749-9CC0-4495E0EE3ABC</HistoryItem>
                    <HistoryItem Type="BinderItems" ViewMode="Outliner">A8EBA04B-7CA7-4024-A9D6-3C70825C0C6C</HistoryItem>
                    <HistoryItem Type="BinderItems" ViewMode="Outliner">D04A29F1-8103-4E3F-9781-698D9B1F60B2</HistoryItem>
                    <HistoryItem Type="BinderItems" ViewMode="Outliner">DBD03899-1239-42FE-9F64-D38FECFE98FC</HistoryItem>
                    <HistoryItem Type="BinderItems" ViewMode="Single">CBFA9E74-59DB-4E57-85BB-A33AF1DB07E0</HistoryItem>
                    <HistoryItem Type="BinderItems" ViewMode="Outliner">24587D8E-5C33-4571-86F6-0716B18B5ABE</HistoryItem>
                    <HistoryItem Type="BinderItems" ViewMode="Single">4DC921CA-AE0E-4AE7-8B3B-956A2DD5BF0B</HistoryItem>
                    <HistoryItem Type="BinderItems" ViewMode="Outliner">24587D8E-5C33-4571-86F6-0716B18B5ABE</HistoryItem>
                    <HistoryItem Type="BinderItems" ViewMode="Single">CBFA9E74-59DB-4E57-85BB-A33AF1DB07E0</HistoryItem>
                    <HistoryItem Type="BinderItems" ViewMode="Outliner">DBD03899-1239-42FE-9F64-D38FECFE98FC</HistoryItem>
                    <HistoryItem Type="BinderItems" ViewMode="Single">CBFA9E74-59DB-4E57-85BB-A33AF1DB07E0</HistoryItem>
                    <HistoryItem Type="BinderItems" ViewMode="Outliner">24587D8E-5C33-4571-86F6-0716B18B5ABE</HistoryItem>
                    <HistoryItem Type="BinderItems" ViewMode="Outliner">10C0FF65-2FEC-4F34-A443-624AD927A6AF</HistoryItem>
                    <HistoryItem Type="BinderItems" ViewMode="Outliner">DAEEA030-90C5-4CF3-B823-BA362EA9AFD3</HistoryItem>
                    <HistoryItem Type="BinderItems" ViewMode="Outliner">9D32A05A-EAD8-47BC-B2CD-1E7C5DF4EFD5</HistoryItem>
                    <HistoryItem Type="BinderItems" ViewMode="Outliner">DAEEA030-90C5-4CF3-B823-BA362EA9AFD3</HistoryItem>
                    <HistoryItem Type="BinderItems" ViewMode="Outliner">10C0FF65-2FEC-4F34-A443-624AD927A6AF</HistoryItem>
                    <HistoryItem Type="BinderItems" ViewMode="Outliner">8B014782-1E52-4F6D-B15C-CA5FB440B23B</HistoryItem>
                    <HistoryItem Type="BinderItems" ViewMode="Outliner">00EA20C3-3E0C-4800-9CEA-9C69B72F5D5B</HistoryItem>
                    <HistoryItem Type="BinderItems" ViewMode="Outliner">F9035ED2-366D-437B-9633-29224DC3CCAE</HistoryItem>
                    <HistoryItem Type="BinderItems" ViewMode="Outliner">00EA20C3-3E0C-4800-9CEA-9C69B72F5D5B</HistoryItem>
                    <HistoryItem Type="BinderItems" ViewMode="Outliner">8B014782-1E52-4F6D-B15C-CA5FB440B23B</HistoryItem>
                    <HistoryItem Type="BinderItems" ViewMode="Outliner">10C0FF65-2FEC-4F34-A443-624AD927A6AF</HistoryItem>
                    <HistoryItem Type="BinderItems" ViewMode="Outliner">DAEEA030-90C5-4CF3-B823-BA362EA9AFD3</HistoryItem>
                    <HistoryItem Type="BinderItems" ViewMode="Outliner">9D32A05A-EAD8-47BC-B2CD-1E7C5DF4EFD5</HistoryItem>
                </NavigationHistory>
            </View>
            <Text>
                <ShowRuler>No</ShowRuler>
                <PageLayout Facing="No">No</PageLayout>
                <TypewriterScrolling>No</TypewriterScrolling>
                <LineNumbers Interval="5">No</LineNumbers>
                <Selection>0,0</Selection>
            </Text>
            <Outliner>
                <Columns>
                    <ColID>includeInExport</ColID>
                    <ColID>title</ColID>
                    <ColID>key</ColID>
                    <ColID>value</ColID>
                    <ColID>attributes</ColID>
                    <ColID>class</ColID>
                    <ColID>sectionType</ColID>
                    <ColID>🔒</ColID>
                    <ColID>status</ColID>
                </Columns>
                <ExpandedItems>
                    <ItemID>24587D8E-5C33-4571-86F6-0716B18B5ABE</ItemID>
                    <ItemID>ABF41EB0-C490-4558-A5BD-2FF55EDAD48E</ItemID>
                    <ItemID>EFA84A0C-725F-4838-9105-D2369EE27C79</ItemID>
                    <ItemID>9AF991D9-E686-4CEE-9A61-A8F3B0C22200</ItemID>
                    <ItemID>CBFA9E74-59DB-4E57-85BB-A33AF1DB07E0</ItemID>
                    <ItemID>00EA20C3-3E0C-4800-9CEA-9C69B72F5D5B</ItemID>
                    <ItemID>DCA0BF96-AEB6-4582-907C-AA3B77A6559E</ItemID>
                    <ItemID>3DAB7991-078E-4ADC-8F45-2FE118B4A0E4</ItemID>
                    <ItemID>6E3062C7-2CD2-43AA-AD46-8CBD3FD6851C</ItemID>
                    <ItemID>6542B998-BA2F-461A-8702-FF2F1D4C51DF</ItemID>
                    <ItemID>997B85EE-BAD8-46FB-ABAD-F91462A4105E</ItemID>
                    <ItemID>D732E251-46CB-4868-8167-02A4290AE524</ItemID>
                    <ItemID>ED209C94-D073-4B85-A380-08941E951801</ItemID>
                    <ItemID>D7FB83E9-DFD3-482F-9D4C-D70FC1D8907D</ItemID>
                    <ItemID>0BA75A34-0967-45E2-8C78-BCE34DC28433</ItemID>
                    <ItemID>DBFB87C1-A958-46D6-82FC-FC9AF20FA44B</ItemID>
                    <ItemID>1EC25E43-4773-4CDD-A913-58307F7595B7</ItemID>
                    <ItemID>26A66074-00AB-42C0-8606-32511B54C372</ItemID>
                    <ItemID>36B0230D-4275-4814-924B-BB3CC5CE9015</ItemID>
                    <ItemID>90450DD6-84AE-4630-A3A7-33883DD47FC1</ItemID>
                    <ItemID>02A88557-09AA-495C-A1F2-3DE27E9C56DC</ItemID>
                    <ItemID>5006265A-700C-4F17-B1B4-0FFF785F64D5</ItemID>
                    <ItemID>738C54CF-007B-4FEF-9BE9-06A83FFB36AA</ItemID>
                    <ItemID>58D07F53-B0E7-4751-B249-688A447973BC</ItemID>
                    <ItemID>305AF91B-2A6F-4E70-9731-E6D1422650C8</ItemID>
                    <ItemID>28D5FAFA-3972-4963-B084-50F637D1F918</ItemID>
                    <ItemID>199DCF8F-598D-49CC-8DC7-0B5D41EBC1AF</ItemID>
                    <ItemID>329B4244-5124-43BF-879A-2936CD687A54</ItemID>
                    <ItemID>DA2D2E42-9972-499C-82BA-68EF7F1BE4A8</ItemID>
                    <ItemID>968406B6-1CA8-4FE6-A47A-DACD3B8581F0</ItemID>
                    <ItemID>2BA29081-2ECE-458A-9F65-041C45BFFB1E</ItemID>
                    <ItemID>83760B7C-6F83-4D5C-8661-FBB8E0896C3C</ItemID>
                    <ItemID>DBD03899-1239-42FE-9F64-D38FECFE98FC</ItemID>
                </ExpandedItems>
                <TitlesOnly>Yes</TitlesOnly>
                <HideIcons>No</HideIcons>
                <ShowNumbers>No</ShowNumbers>
                <KeywordsAsChips>No</KeywordsAsChips>
                <FixedRowHeights>No</FixedRowHeights>
            </Outliner>
            <Corkboard>
                <CardsAcross>-1</CardsAcross>
                <KeywordChips>5</KeywordChips>
                <SizeCardsToFit>Yes</SizeCardsToFit>
                <CardHeightRatio>0.6666</CardHeightRatio>
                <SectionsArrangement>Wrap</SectionsArrangement>
                <LabelThreadsUseColumns>No</LabelThreadsUseColumns>
            </Corkboard>
            <Copyholder PreferredOrientation="Vertical" VerticalPos="Right" HorizontalPos="Bottom">
                <Text>
                    <ShowRuler>No</ShowRuler>
                    <PageLayout Facing="No">No</PageLayout>
                    <TypewriterScrolling>No</TypewriterScrolling>
                    <LineNumbers Interval="1">No</LineNumbers>
                </Text>
            </Copyholder>
        </Editor1>
        <Editor2>
            <View>
                <ShowHeader>Yes</ShowHeader>
                <ShowFooter>Yes</ShowFooter>
                <GroupsViewMode>Scrivenings</GroupsViewMode>
                <CurrentViewMode>Single</CurrentViewMode>
                <SelectionAffects>None</SelectionAffects>
                <NavigationHistory CurrentIndex="-1"/>
            </View>
            <Text>
                <ShowRuler>No</ShowRuler>
                <PageLayout Facing="No">No</PageLayout>
                <TypewriterScrolling>No</TypewriterScrolling>
                <LineNumbers Interval="1">No</LineNumbers>
                <Selection>0,0</Selection>
            </Text>
            <Outliner>
                <Columns>
                    <ColID>title</ColID>
                    <ColID>value</ColID>
                </Columns>
                <ExpandedItems>
                    <ItemID>94EFD213-99C2-4B40-ADB6-D4447D2FC2D5</ItemID>
                    <ItemID>CF53DC5A-D016-4749-87D6-BBA45D4AB0E1</ItemID>
                    <ItemID>4B657382-B5CF-4A62-951A-12DC30654FCA</ItemID>
                    <ItemID>261CE875-FBA9-4143-ADD8-0CDB139E072B</ItemID>
                </ExpandedItems>
                <TitlesOnly>Yes</TitlesOnly>
                <HideIcons>No</HideIcons>
                <ShowNumbers>No</ShowNumbers>
                <KeywordsAsChips>Yes</KeywordsAsChips>
                <FixedRowHeights>No</FixedRowHeights>
            </Outliner>
            <Corkboard>
                <CardsAcross>-1</CardsAcross>
                <KeywordChips>5</KeywordChips>
                <SizeCardsToFit>Yes</SizeCardsToFit>
                <CardHeightRatio>0.6666</CardHeightRatio>
                <SectionsArrangement>Wrap</SectionsArrangement>
                <LabelThreadsUseColumns>No</LabelThreadsUseColumns>
            </Corkboard>
            <Copyholder PreferredOrientation="Vertical" VerticalPos="Right" HorizontalPos="Bottom">
                <Text>
                    <ShowRuler>No</ShowRuler>
                    <PageLayout Facing="No">No</PageLayout>
                    <TypewriterScrolling>No</TypewriterScrolling>
                    <LineNumbers Interval="1">No</LineNumbers>
                </Text>
            </Copyholder>
        </Editor2>
    </Editors>
</UIStates>