<?xml version="1.0" encoding="UTF-8"?>
<UIStates>
    <Binder Show="Yes">
        <ShowCollections>No</ShowCollections>
        <SelectedCollection>0</SelectedCollection>
        <SubdocumentCounts>No</SubdocumentCounts>
        <ExpandedItems>
            <ItemID>9D32A05A-EAD8-47BC-B2CD-1E7C5DF4EFD5</ItemID>
            <ItemID>43A5BAD6-4E61-497E-8F2D-AC8442D390AF</ItemID>
            <ItemID>5681A6B7-F48A-475E-B0CE-4622E60212E8</ItemID>
            <ItemID>01CC341D-870E-4C1A-899E-FC1E3C5AFF20</ItemID>
            <ItemID>440041EA-AAA9-4541-8C54-CE4482CCA337</ItemID>
            <ItemID>47D70777-02D8-40B9-A4BA-A83AF0CD65B8</ItemID>
            <ItemID>B28881DE-6A3D-4806-A6ED-717A9BC7C7AD</ItemID>
            <ItemID>6B1ADF81-FF2E-4A3F-AD78-8BF49DC26796</ItemID>
            <ItemID>10C0FF65-2FEC-4F34-A443-624AD927A6AF</ItemID>
            <ItemID>CBFA9E74-59DB-4E57-85BB-A33AF1DB07E0</ItemID>
            <ItemID>8B014782-1E52-4F6D-B15C-CA5FB440B23B</ItemID>
        </ExpandedItems>
        <Selection>
            <ItemID>6EF673C7-9DB2-42D1-9AAB-65C355B85D39</ItemID>
        </Selection>
        <SearchResultsSort Titles="Ascending" Dates="Ascending">None</SearchResultsSort>
    </Binder>
    <Inspector Show="Yes" View="MetaData">
        <ShowProjectBookmarks>No</ShowProjectBookmarks>
        <ShowSimilarTexts>No</ShowSimilarTexts>
        <FootnoteNumbers Prompt="No">No</FootnoteNumbers>
    </Inspector>
    <Split>None</Split>
    <BinderAffects>Current</BinderAffects>
    <Labels>
        <Binder FullWidth="Yes">No</Binder>
        <Icons>No</Icons>
        <IndexCards>No</IndexCards>
        <OutlinerRows>No</OutlinerRows>
        <ScriveningsTitles>No</ScriveningsTitles>
    </Labels>
    <Corkboards>
        <LabelIndicators>Yes</LabelIndicators>
        <Stamps>No</Stamps>
        <Keywords>No</Keywords>
        <Numbers Restart="No">No</Numbers>
        <SnapToGrid>No</SnapToGrid>
        <BlankCardsAsGhosts>No</BlankCardsAsGhosts>
    </Corkboards>
    <Text>
        <ShowFormatBar>Yes</ShowFormatBar>
        <UseVerticalLayout>No</UseVerticalLayout>
        <ShowScriveningsTitles>Yes</ShowScriveningsTitles>
        <ShowInvisibles>No</ShowInvisibles>
        <RevisionMode>0</RevisionMode>
        <TextChecking>
            <Spelling>Yes</Spelling>
            <Grammar>No</Grammar>
            <SmartQuotes>No</SmartQuotes>
            <SmartDashes>No</SmartDashes>
        </TextChecking>
    </Text>
    <ProjectKeywords>
        <ExpandedItems>
            <ItemID>21</ItemID>
            <ItemID>25</ItemID>
            <ItemID>33</ItemID>
            <ItemID>37</ItemID>
        </ExpandedItems>
    </ProjectKeywords>
    <FullScreen>
        <ShowRuler>No</ShowRuler>
        <PageLayout Facing="No">No</PageLayout>
        <TypewriterScrolling>Yes</TypewriterScrolling>
    </FullScreen>
    <Editors Primary="Editor1">
        <Editor1>
            <View>
                <ShowHeader>Yes</ShowHeader>
                <ShowFooter>Yes</ShowFooter>
                <GroupsViewMode>Scrivenings</GroupsViewMode>
                <CurrentViewMode>Single</CurrentViewMode>
                <SelectionAffects>Split</SelectionAffects>
                <Content>
                    <ItemID>6EF673C7-9DB2-42D1-9AAB-65C355B85D39</ItemID>
                </Content>
                <NavigationHistory CurrentIndex="99">
                    <HistoryItem Type="BinderItems" ViewMode="Single">E297D0E9-3F3B-44BE-8BA6-B976FAB8DBE0</HistoryItem>
                    <HistoryItem Type="BinderItems" ViewMode="Single">EA34AC25-416C-4018-8F59-1204A188736B</HistoryItem>
                    <HistoryItem Type="BinderItems" ViewMode="Single">E297D0E9-3F3B-44BE-8BA6-B976FAB8DBE0</HistoryItem>
                    <HistoryItem Type="BinderItems" ViewMode="Single">23341F11-122D-4539-B599-2E1F0C0FF6C5</HistoryItem>
                    <HistoryItem Type="BinderItems" ViewMode="Single">E297D0E9-3F3B-44BE-8BA6-B976FAB8DBE0</HistoryItem>
                    <HistoryItem Type="BinderItems" ViewMode="Single">23341F11-122D-4539-B599-2E1F0C0FF6C5</HistoryItem>
                    <HistoryItem Type="BinderItems" ViewMode="Single">E297D0E9-3F3B-44BE-8BA6-B976FAB8DBE0</HistoryItem>
                    <HistoryItem Type="BinderItems" ViewMode="Single">23341F11-122D-4539-B599-2E1F0C0FF6C5</HistoryItem>
                    <HistoryItem Type="BinderItems" ViewMode="Single">E297D0E9-3F3B-44BE-8BA6-B976FAB8DBE0</HistoryItem>
                    <HistoryItem Type="BinderItems" ViewMode="Single">EA34AC25-416C-4018-8F59-1204A188736B</HistoryItem>
                    <HistoryItem Type="BinderItems" ViewMode="Single">23341F11-122D-4539-B599-2E1F0C0FF6C5</HistoryItem>
                    <HistoryItem Type="BinderItems" ViewMode="Single">E297D0E9-3F3B-44BE-8BA6-B976FAB8DBE0</HistoryItem>
                    <HistoryItem Type="BinderItems" ViewMode="Single">23341F11-122D-4539-B599-2E1F0C0FF6C5</HistoryItem>
                    <HistoryItem Type="BinderItems" ViewMode="Single">EA34AC25-416C-4018-8F59-1204A188736B</HistoryItem>
                    <HistoryItem Type="BinderItems" ViewMode="Single">23341F11-122D-4539-B599-2E1F0C0FF6C5</HistoryItem>
                    <HistoryItem Type="BinderItems" ViewMode="Single">E297D0E9-3F3B-44BE-8BA6-B976FAB8DBE0</HistoryItem>
                    <HistoryItem Type="BinderItems" ViewMode="Single">EA34AC25-416C-4018-8F59-1204A188736B</HistoryItem>
                    <HistoryItem Type="BinderItems" ViewMode="Single">6C12D926-3009-4C54-9C42-B76B76379E0A</HistoryItem>
                    <HistoryItem Type="BinderItems" ViewMode="Single">23341F11-122D-4539-B599-2E1F0C0FF6C5</HistoryItem>
                    <HistoryItem Type="BinderItems" ViewMode="Single">6C12D926-3009-4C54-9C42-B76B76379E0A</HistoryItem>
                    <HistoryItem Type="BinderItems" ViewMode="Single">EA34AC25-416C-4018-8F59-1204A188736B</HistoryItem>
                    <HistoryItem Type="BinderItems" ViewMode="Single">23341F11-122D-4539-B599-2E1F0C0FF6C5</HistoryItem>
                    <HistoryItem Type="BinderItems" ViewMode="Single">937E8660-EC33-47F1-BC52-816A99FBBC26</HistoryItem>
                    <HistoryItem Type="BinderItems" ViewMode="Single">89C5CD13-BD32-46C4-B68A-EDDAFEED1CF3</HistoryItem>
                    <HistoryItem Type="BinderItems" ViewMode="Single">9B73E865-BE67-498E-85C4-81ECD15C598D</HistoryItem>
                    <HistoryItem Type="BinderItems" ViewMode="Single">5CB52DA9-8356-4C28-841D-ADEA1BE0494A</HistoryItem>
                    <HistoryItem Type="BinderItems" ViewMode="Single">06F8B043-D43E-49A5-8586-184FFF1DBADF</HistoryItem>
                    <HistoryItem Type="BinderItems" ViewMode="Single">23341F11-122D-4539-B599-2E1F0C0FF6C5</HistoryItem>
                    <HistoryItem Type="BinderItems" ViewMode="Single">06F8B043-D43E-49A5-8586-184FFF1DBADF</HistoryItem>
                    <HistoryItem Type="BinderItems" ViewMode="Single">23341F11-122D-4539-B599-2E1F0C0FF6C5</HistoryItem>
                    <HistoryItem Type="BinderItems" ViewMode="Single">6C12D926-3009-4C54-9C42-B76B76379E0A</HistoryItem>
                    <HistoryItem Type="BinderItems" ViewMode="Single">EA34AC25-416C-4018-8F59-1204A188736B</HistoryItem>
                    <HistoryItem Type="BinderItems" ViewMode="Single">E297D0E9-3F3B-44BE-8BA6-B976FAB8DBE0</HistoryItem>
                    <HistoryItem Type="BinderItems" ViewMode="Single">23341F11-122D-4539-B599-2E1F0C0FF6C5</HistoryItem>
                    <HistoryItem Type="BinderItems" ViewMode="Single">EA34AC25-416C-4018-8F59-1204A188736B</HistoryItem>
                    <HistoryItem Type="BinderItems" ViewMode="Single">6C12D926-3009-4C54-9C42-B76B76379E0A</HistoryItem>
                    <HistoryItem Type="BinderItems" ViewMode="Scrivenings" ScriveningsSelection="0,0">D7FB83E9-DFD3-482F-9D4C-D70FC1D8907D</HistoryItem>
                    <HistoryItem Type="BinderItems" ViewMode="Single">6C12D926-3009-4C54-9C42-B76B76379E0A</HistoryItem>
                    <HistoryItem Type="BinderItems" ViewMode="Single">EA34AC25-416C-4018-8F59-1204A188736B</HistoryItem>
                    <HistoryItem Type="BinderItems" ViewMode="Single">23341F11-122D-4539-B599-2E1F0C0FF6C5</HistoryItem>
                    <HistoryItem Type="BinderItems" ViewMode="Single">EA34AC25-416C-4018-8F59-1204A188736B</HistoryItem>
                    <HistoryItem Type="BinderItems" ViewMode="Single">6C12D926-3009-4C54-9C42-B76B76379E0A</HistoryItem>
                    <HistoryItem Type="BinderItems" ViewMode="Scrivenings" ScriveningsSelection="0,0">D7FB83E9-DFD3-482F-9D4C-D70FC1D8907D</HistoryItem>
                    <HistoryItem Type="BinderItems" ViewMode="Single">6C12D926-3009-4C54-9C42-B76B76379E0A</HistoryItem>
                    <HistoryItem Type="BinderItems" ViewMode="Scrivenings" ScriveningsSelection="0,0">06F8B043-D43E-49A5-8586-184FFF1DBADF,5CB52DA9-8356-4C28-841D-ADEA1BE0494A,9B73E865-BE67-498E-85C4-81ECD15C598D,89C5CD13-BD32-46C4-B68A-EDDAFEED1CF3,937E8660-EC33-47F1-BC52-816A99FBBC26</HistoryItem>
                    <HistoryItem Type="BinderItems" ViewMode="Single">B8BAD63F-8DA5-483B-9161-1FF821C4BE33</HistoryItem>
                    <HistoryItem Type="BinderItems" ViewMode="Single">06F8B043-D43E-49A5-8586-184FFF1DBADF</HistoryItem>
                    <HistoryItem Type="BinderItems" ViewMode="Single">5CB52DA9-8356-4C28-841D-ADEA1BE0494A</HistoryItem>
                    <HistoryItem Type="BinderItems" ViewMode="Single">9B73E865-BE67-498E-85C4-81ECD15C598D</HistoryItem>
                    <HistoryItem Type="BinderItems" ViewMode="Single">89C5CD13-BD32-46C4-B68A-EDDAFEED1CF3</HistoryItem>
                    <HistoryItem Type="BinderItems" ViewMode="Single">937E8660-EC33-47F1-BC52-816A99FBBC26</HistoryItem>
                    <HistoryItem Type="BinderItems" ViewMode="Single">E297D0E9-3F3B-44BE-8BA6-B976FAB8DBE0</HistoryItem>
                    <HistoryItem Type="BinderItems" ViewMode="Single">23341F11-122D-4539-B599-2E1F0C0FF6C5</HistoryItem>
                    <HistoryItem Type="BinderItems" ViewMode="Single">EA34AC25-416C-4018-8F59-1204A188736B</HistoryItem>
                    <HistoryItem Type="BinderItems" ViewMode="Single">6C12D926-3009-4C54-9C42-B76B76379E0A</HistoryItem>
                    <HistoryItem Type="BinderItems" ViewMode="Scrivenings" ScriveningsSelection="0,0">D7FB83E9-DFD3-482F-9D4C-D70FC1D8907D</HistoryItem>
                    <HistoryItem Type="BinderItems" ViewMode="Single">6C12D926-3009-4C54-9C42-B76B76379E0A</HistoryItem>
                    <HistoryItem Type="BinderItems" ViewMode="Single">EA34AC25-416C-4018-8F59-1204A188736B</HistoryItem>
                    <HistoryItem Type="BinderItems" ViewMode="Single">23341F11-122D-4539-B599-2E1F0C0FF6C5</HistoryItem>
                    <HistoryItem Type="BinderItems" ViewMode="Single">E297D0E9-3F3B-44BE-8BA6-B976FAB8DBE0</HistoryItem>
                    <HistoryItem Type="BinderItems" ViewMode="Single">937E8660-EC33-47F1-BC52-816A99FBBC26</HistoryItem>
                    <HistoryItem Type="BinderItems" ViewMode="Single">89C5CD13-BD32-46C4-B68A-EDDAFEED1CF3</HistoryItem>
                    <HistoryItem Type="BinderItems" ViewMode="Single">9B73E865-BE67-498E-85C4-81ECD15C598D</HistoryItem>
                    <HistoryItem Type="BinderItems" ViewMode="Single">5CB52DA9-8356-4C28-841D-ADEA1BE0494A</HistoryItem>
                    <HistoryItem Type="BinderItems" ViewMode="Single">06F8B043-D43E-49A5-8586-184FFF1DBADF</HistoryItem>
                    <HistoryItem Type="BinderItems" ViewMode="Single">B8BAD63F-8DA5-483B-9161-1FF821C4BE33</HistoryItem>
                    <HistoryItem Type="BinderItems" ViewMode="Single">E297D0E9-3F3B-44BE-8BA6-B976FAB8DBE0</HistoryItem>
                    <HistoryItem Type="BinderItems" ViewMode="Single">23341F11-122D-4539-B599-2E1F0C0FF6C5</HistoryItem>
                    <HistoryItem Type="BinderItems" ViewMode="Single">EA34AC25-416C-4018-8F59-1204A188736B</HistoryItem>
                    <HistoryItem Type="BinderItems" ViewMode="Single">6C12D926-3009-4C54-9C42-B76B76379E0A</HistoryItem>
                    <HistoryItem Type="BinderItems" ViewMode="Single">937E8660-EC33-47F1-BC52-816A99FBBC26</HistoryItem>
                    <HistoryItem Type="BinderItems" ViewMode="Single">E297D0E9-3F3B-44BE-8BA6-B976FAB8DBE0</HistoryItem>
                    <HistoryItem Type="BinderItems" ViewMode="Single">23341F11-122D-4539-B599-2E1F0C0FF6C5</HistoryItem>
                    <HistoryItem Type="BinderItems" ViewMode="Single">EA34AC25-416C-4018-8F59-1204A188736B</HistoryItem>
                    <HistoryItem Type="BinderItems" ViewMode="Single">6C12D926-3009-4C54-9C42-B76B76379E0A</HistoryItem>
                    <HistoryItem Type="BinderItems" ViewMode="Single">EA34AC25-416C-4018-8F59-1204A188736B</HistoryItem>
                    <HistoryItem Type="BinderItems" ViewMode="Single">23341F11-122D-4539-B599-2E1F0C0FF6C5</HistoryItem>
                    <HistoryItem Type="BinderItems" ViewMode="Single">E297D0E9-3F3B-44BE-8BA6-B976FAB8DBE0</HistoryItem>
                    <HistoryItem Type="BinderItems" ViewMode="Single">937E8660-EC33-47F1-BC52-816A99FBBC26</HistoryItem>
                    <HistoryItem Type="BinderItems" ViewMode="Single">89C5CD13-BD32-46C4-B68A-EDDAFEED1CF3</HistoryItem>
                    <HistoryItem Type="BinderItems" ViewMode="Single">9B73E865-BE67-498E-85C4-81ECD15C598D</HistoryItem>
                    <HistoryItem Type="BinderItems" ViewMode="Single">6C12D926-3009-4C54-9C42-B76B76379E0A</HistoryItem>
                    <HistoryItem Type="BinderItems" ViewMode="Single">EA34AC25-416C-4018-8F59-1204A188736B</HistoryItem>
                    <HistoryItem Type="BinderItems" ViewMode="Single">6C12D926-3009-4C54-9C42-B76B76379E0A</HistoryItem>
                    <HistoryItem Type="BinderItems" ViewMode="Scrivenings" ScriveningsSelection="0,0">D7FB83E9-DFD3-482F-9D4C-D70FC1D8907D</HistoryItem>
                    <HistoryItem Type="BinderItems" ViewMode="Single">6C12D926-3009-4C54-9C42-B76B76379E0A</HistoryItem>
                    <HistoryItem Type="BinderItems" ViewMode="Scrivenings" ScriveningsSelection="0,0">D7FB83E9-DFD3-482F-9D4C-D70FC1D8907D</HistoryItem>
                    <HistoryItem Type="BinderItems" ViewMode="Single">6C12D926-3009-4C54-9C42-B76B76379E0A</HistoryItem>
                    <HistoryItem Type="BinderItems" ViewMode="Single">EA34AC25-416C-4018-8F59-1204A188736B</HistoryItem>
                    <HistoryItem Type="BinderItems" ViewMode="Single">23341F11-122D-4539-B599-2E1F0C0FF6C5</HistoryItem>
                    <HistoryItem Type="BinderItems" ViewMode="Single">E297D0E9-3F3B-44BE-8BA6-B976FAB8DBE0</HistoryItem>
                    <HistoryItem Type="BinderItems" ViewMode="Scrivenings" ScriveningsSelection="0,0">06F8B043-D43E-49A5-8586-184FFF1DBADF,5CB52DA9-8356-4C28-841D-ADEA1BE0494A,9B73E865-BE67-498E-85C4-81ECD15C598D,89C5CD13-BD32-46C4-B68A-EDDAFEED1CF3,937E8660-EC33-47F1-BC52-816A99FBBC26</HistoryItem>
                    <HistoryItem Type="BinderItems" ViewMode="Single">E297D0E9-3F3B-44BE-8BA6-B976FAB8DBE0</HistoryItem>
                    <HistoryItem Type="BinderItems" ViewMode="Single">23341F11-122D-4539-B599-2E1F0C0FF6C5</HistoryItem>
                    <HistoryItem Type="BinderItems" ViewMode="Single">EA34AC25-416C-4018-8F59-1204A188736B</HistoryItem>
                    <HistoryItem Type="BinderItems" ViewMode="Single">6C12D926-3009-4C54-9C42-B76B76379E0A</HistoryItem>
                    <HistoryItem Type="BinderItems" ViewMode="Scrivenings" ScriveningsSelection="0,0">D7FB83E9-DFD3-482F-9D4C-D70FC1D8907D</HistoryItem>
                    <HistoryItem Type="BinderItems" ViewMode="Single">E297D0E9-3F3B-44BE-8BA6-B976FAB8DBE0</HistoryItem>
                    <HistoryItem Type="BinderItems" ViewMode="Single">50DE35EA-2331-4E9D-9343-E3008C9B6A44</HistoryItem>
                    <HistoryItem Type="BinderItems" ViewMode="Single">6EF673C7-9DB2-42D1-9AAB-65C355B85D39</HistoryItem>
                </NavigationHistory>
            </View>
            <Text>
                <ShowRuler>No</ShowRuler>
                <PageLayout Facing="No">No</PageLayout>
                <TypewriterScrolling>No</TypewriterScrolling>
                <LineNumbers Interval="5">No</LineNumbers>
                <Selection>603,0</Selection>
            </Text>
            <Outliner>
                <Columns>
                    <ColID>includeInExport</ColID>
                    <ColID>title</ColID>
                    <ColID>key</ColID>
                    <ColID>attributes</ColID>
                    <ColID>class</ColID>
                    <ColID>value</ColID>
                    <ColID>sectionType</ColID>
                    <ColID>🔒</ColID>
                    <ColID>status</ColID>
                </Columns>
                <ExpandedItems>
                    <ItemID>CBFA9E74-59DB-4E57-85BB-A33AF1DB07E0</ItemID>
                    <ItemID>DCA0BF96-AEB6-4582-907C-AA3B77A6559E</ItemID>
                    <ItemID>D732E251-46CB-4868-8167-02A4290AE524</ItemID>
                    <ItemID>ED209C94-D073-4B85-A380-08941E951801</ItemID>
                    <ItemID>D7FB83E9-DFD3-482F-9D4C-D70FC1D8907D</ItemID>
                </ExpandedItems>
                <TitlesOnly>Yes</TitlesOnly>
                <HideIcons>No</HideIcons>
                <ShowNumbers>No</ShowNumbers>
                <KeywordsAsChips>No</KeywordsAsChips>
                <FixedRowHeights>No</FixedRowHeights>
            </Outliner>
            <Corkboard>
                <CardsAcross>-1</CardsAcross>
                <KeywordChips>5</KeywordChips>
                <SizeCardsToFit>Yes</SizeCardsToFit>
                <CardHeightRatio>0.6666</CardHeightRatio>
                <SectionsArrangement>Wrap</SectionsArrangement>
                <LabelThreadsUseColumns>No</LabelThreadsUseColumns>
            </Corkboard>
            <Copyholder PreferredOrientation="Vertical" VerticalPos="Right" HorizontalPos="Bottom">
                <Text>
                    <ShowRuler>No</ShowRuler>
                    <PageLayout Facing="No">No</PageLayout>
                    <TypewriterScrolling>No</TypewriterScrolling>
                    <LineNumbers Interval="1">No</LineNumbers>
                </Text>
            </Copyholder>
        </Editor1>
        <Editor2>
            <View>
                <ShowHeader>Yes</ShowHeader>
                <ShowFooter>Yes</ShowFooter>
                <GroupsViewMode>Scrivenings</GroupsViewMode>
                <CurrentViewMode>Single</CurrentViewMode>
                <SelectionAffects>None</SelectionAffects>
                <NavigationHistory CurrentIndex="0"/>
            </View>
            <Text>
                <ShowRuler>No</ShowRuler>
                <PageLayout Facing="No">No</PageLayout>
                <TypewriterScrolling>No</TypewriterScrolling>
                <LineNumbers Interval="1">No</LineNumbers>
                <Selection>0,0</Selection>
            </Text>
            <Outliner>
                <Columns>
                    <ColID>title</ColID>
                    <ColID>value</ColID>
                </Columns>
                <ExpandedItems>
                    <ItemID>94EFD213-99C2-4B40-ADB6-D4447D2FC2D5</ItemID>
                    <ItemID>CF53DC5A-D016-4749-87D6-BBA45D4AB0E1</ItemID>
                    <ItemID>4B657382-B5CF-4A62-951A-12DC30654FCA</ItemID>
                    <ItemID>261CE875-FBA9-4143-ADD8-0CDB139E072B</ItemID>
                </ExpandedItems>
                <TitlesOnly>Yes</TitlesOnly>
                <HideIcons>No</HideIcons>
                <ShowNumbers>No</ShowNumbers>
                <KeywordsAsChips>Yes</KeywordsAsChips>
                <FixedRowHeights>No</FixedRowHeights>
            </Outliner>
            <Corkboard>
                <CardsAcross>-1</CardsAcross>
                <KeywordChips>5</KeywordChips>
                <SizeCardsToFit>Yes</SizeCardsToFit>
                <CardHeightRatio>0.6666</CardHeightRatio>
                <SectionsArrangement>Wrap</SectionsArrangement>
                <LabelThreadsUseColumns>No</LabelThreadsUseColumns>
            </Corkboard>
            <Copyholder PreferredOrientation="Vertical" VerticalPos="Right" HorizontalPos="Bottom">
                <Text>
                    <ShowRuler>No</ShowRuler>
                    <PageLayout Facing="No">No</PageLayout>
                    <TypewriterScrolling>No</TypewriterScrolling>
                    <LineNumbers Interval="1">No</LineNumbers>
                </Text>
            </Copyholder>
        </Editor2>
    </Editors>
</UIStates>