<?xml version="1.0" encoding="UTF-8"?>
<Snapshots Version="1.0">
    <Snapshot>
        <Title>Untitled (Save)</Title>
        <Date>2023-06-12 23:54:45 -0300</Date>
        <StyleIDs>D7AD9701-CCA5-49D1-A178-D096CF3D098A</StyleIDs>
    </Snapshot>
    <Snapshot>
        <Title>Untitled (Save)</Title>
        <Date>2023-06-15 19:50:09 -0300</Date>
        <StyleIDs>D7AD9701-CCA5-49D1-A178-D096CF3D098A</StyleIDs>
    </Snapshot>
    <Snapshot>
        <Title>Untitled (Save)</Title>
        <Date>2023-06-15 19:53:34 -0300</Date>
        <StyleIDs>80AD7E99-1EA0-4827-8927-F9E826A294D8,D7AD9701-CCA5-49D1-A178-D096CF3D098A</StyleIDs>
    </Snapshot>
</Snapshots>