<?xml version="1.0" encoding="UTF-8"?>
<Snapshots Version="1.0">
    <Snapshot>
        <Title>Untitled (Save)</Title>
        <Date>2023-06-18 22:49:37 -0300</Date>
        <Comments>
            <Comment ID="D70A72F2-C9DC-4475-8ADC-8AD673479681" Author="Ian Andolina" Footnote="Yes" Color="0.949769 0.949769 0.949769"><![CDATA[{\rtf1\ansi\ansicpg1252\cocoartf2709
\cocoatextscaling0\cocoaplatform0{\fonttbl\f0\fswiss\fcharset0 Helvetica;}
{\colortbl;\red255\green255\blue255;}
{\*\expandedcolortbl;;}
\pard\tx560\tx1120\tx1680\tx2240\tx2800\tx3360\tx3920\tx4480\tx5040\tx5600\tx6160\tx6720\pardirnatural\partightenfactor0

\f0\fs24 \cf0 A final footnote.}]]></Comment>
        </Comments>
        <StyleIDs>436ABDF1-390E-40C7-9E2F-69F76D5E8171,9E4C3A4B-F970-46EA-B5C6-A00CCA28A57F,E33507E1-962A-4858-B7E1-FE4D5CDA2FF3</StyleIDs>
    </Snapshot>
</Snapshots>