<?xml version="1.0" encoding="UTF-8"?>
<Snapshots Version="1.0">
    <Snapshot>
        <Title>Untitled (Save)</Title>
        <Date>2023-06-11 23:02:50 -0300</Date>
        <Comments>
            <Comment ID="80ADF1AD-72A4-40D1-814B-A220467AA78B" Author="Bernardo César Diniz Athayde Vasconcelos" Footnote="Yes" Color="0.949769 0.949769 0.949769"><![CDATA[{\rtf1\ansi\ansicpg1252\cocoartf2709
\cocoatextscaling0\cocoaplatform0{\fonttbl\f0\fnil\fcharset0 GentiumPlus;}
{\colortbl;\red255\green255\blue255;}
{\*\expandedcolortbl;;}
\pard\tx560\tx1120\tx1680\tx2240\tx2800\tx3360\tx3920\tx4480\tx5040\tx5600\tx6160\tx6720\pardirnatural\partightenfactor0

\f0\fs24 \cf0 See {\field{\*\fldinst{HYPERLINK "https://www.stockio.com/"}}{\fldrslt https://www.stockio.com}}.}]]></Comment>
        </Comments>
        <StyleIDs>436ABDF1-390E-40C7-9E2F-69F76D5E8171,DEBFB3DA-C77A-441E-A817-0BA6A38FAB70,9E4C3A4B-F970-46EA-B5C6-A00CCA28A57F,046A3939-77BF-4B65-91E6-2F659E650F18,D97C52C7-5341-4EAA-BFBD-FA588A54D726,C46EA6A2-DF36-407B-B850-318F9E4D7118</StyleIDs>
    </Snapshot>
</Snapshots>