<?xml version="1.0" encoding="UTF-8"?>
<Snapshots Version="1.0">
    <Snapshot>
        <Title>Abstract₁</Title>
        <Date>2023-08-27 12:15:53 -0300</Date>
        <Comments>
            <Comment ID="B1796E99-C2E8-46D5-92D4-E38CFE75BE27" Author="Bernardo César Diniz Athayde Vasconcelos" Footnote="Yes" Color="0.949769 0.949769 0.949769"><![CDATA[{\rtf1\ansi\ansicpg1252\cocoartf2709
\cocoatextscaling0\cocoaplatform0{\fonttbl\f0\fnil\fcharset0 GentiumPlus;\f1\fnil\fcharset0 Alegreya-Regular;}
{\colortbl;\red255\green255\blue255;}
{\*\expandedcolortbl;;}
\pard\tx560\tx1120\tx1680\tx2240\tx2800\tx3360\tx3920\tx4480\tx5040\tx5600\tx6160\tx6720\pardirnatural\partightenfactor0

\f0\fs24 \cf0 Install using `quarto install tinytex`. 
\f1 \expnd0\expndtw0\kerning0
If it doesn't compile, [open an issue at Github]({\field{\*\fldinst{HYPERLINK "https://github.com/bcdavasconcelos/scrivq/issues/new/choose"}}{\fldrslt https://github.com/bcdavasconcelos/scrivq/issues/new/choose}}) or join [the discussion at the Scrivener user forum]({\field{\*\fldinst{HYPERLINK "https://forum.literatureandlatte.com/t/134755"}}{\fldrslt https://forum.literatureandlatte.com/t/134755}}) with all the relevant information. }]]></Comment>
        </Comments>
        <StyleIDs>436ABDF1-390E-40C7-9E2F-69F76D5E8171,046A3939-77BF-4B65-91E6-2F659E650F18,D97C52C7-5341-4EAA-BFBD-FA588A54D726,C46EA6A2-DF36-407B-B850-318F9E4D7118</StyleIDs>
    </Snapshot>
</Snapshots>