<?xml version="1.0" encoding="UTF-8"?>
<Snapshots Version="1.0">
    <Snapshot>
        <Title>Untitled (Save)</Title>
        <Date>2022-10-15 17:53:56 -0300</Date>
        <StyleIDs>BBF23234-59C6-44DA-BD4E-BCE22864C19E,9225CECF-3CB7-446C-B50A-EE1E25F629FC</StyleIDs>
    </Snapshot>
    <Snapshot>
        <Title>Untitled (Save)</Title>
        <Date>2022-10-15 20:43:07 -0300</Date>
        <StyleIDs>BBF23234-59C6-44DA-BD4E-BCE22864C19E,9225CECF-3CB7-446C-B50A-EE1E25F629FC</StyleIDs>
    </Snapshot>
</Snapshots>