<?xml version="1.0" encoding="UTF-8"?>
<UIStates>
    <Binder Show="Yes">
        <ShowCollections>No</ShowCollections>
        <SelectedCollection>0</SelectedCollection>
        <SubdocumentCounts>No</SubdocumentCounts>
        <ExpandedItems>
            <ItemID>9D32A05A-EAD8-47BC-B2CD-1E7C5DF4EFD5</ItemID>
            <ItemID>43A5BAD6-4E61-497E-8F2D-AC8442D390AF</ItemID>
            <ItemID>5681A6B7-F48A-475E-B0CE-4622E60212E8</ItemID>
            <ItemID>01CC341D-870E-4C1A-899E-FC1E3C5AFF20</ItemID>
            <ItemID>440041EA-AAA9-4541-8C54-CE4482CCA337</ItemID>
            <ItemID>47D70777-02D8-40B9-A4BA-A83AF0CD65B8</ItemID>
            <ItemID>B28881DE-6A3D-4806-A6ED-717A9BC7C7AD</ItemID>
            <ItemID>DAEEA030-90C5-4CF3-B823-BA362EA9AFD3</ItemID>
            <ItemID>10C0FF65-2FEC-4F34-A443-624AD927A6AF</ItemID>
            <ItemID>8B014782-1E52-4F6D-B15C-CA5FB440B23B</ItemID>
            <ItemID>D04A29F1-8103-4E3F-9781-698D9B1F60B2</ItemID>
        </ExpandedItems>
        <Selection>
            <ItemID>9D32A05A-EAD8-47BC-B2CD-1E7C5DF4EFD5</ItemID>
        </Selection>
        <SearchResultsSort Titles="Ascending" Dates="Ascending">None</SearchResultsSort>
    </Binder>
    <Inspector Show="Yes" View="MetaData">
        <ShowProjectBookmarks>No</ShowProjectBookmarks>
        <ShowSimilarTexts>No</ShowSimilarTexts>
        <FootnoteNumbers Prompt="No">No</FootnoteNumbers>
    </Inspector>
    <Split>None</Split>
    <BinderAffects>Current</BinderAffects>
    <Labels>
        <Binder FullWidth="Yes">No</Binder>
        <Icons>No</Icons>
        <IndexCards>No</IndexCards>
        <OutlinerRows>No</OutlinerRows>
        <ScriveningsTitles>No</ScriveningsTitles>
    </Labels>
    <Corkboards>
        <LabelIndicators>Yes</LabelIndicators>
        <Stamps>No</Stamps>
        <Keywords>No</Keywords>
        <Numbers Restart="No">No</Numbers>
        <SnapToGrid>No</SnapToGrid>
        <BlankCardsAsGhosts>No</BlankCardsAsGhosts>
    </Corkboards>
    <Text>
        <ShowFormatBar>Yes</ShowFormatBar>
        <UseVerticalLayout>No</UseVerticalLayout>
        <ShowScriveningsTitles>Yes</ShowScriveningsTitles>
        <ShowInvisibles>No</ShowInvisibles>
        <RevisionMode>0</RevisionMode>
        <TextChecking>
            <Spelling>Yes</Spelling>
            <Grammar>No</Grammar>
            <SmartQuotes>No</SmartQuotes>
            <SmartDashes>No</SmartDashes>
        </TextChecking>
    </Text>
    <ProjectKeywords>
        <ExpandedItems>
            <ItemID>21</ItemID>
            <ItemID>25</ItemID>
            <ItemID>33</ItemID>
            <ItemID>37</ItemID>
        </ExpandedItems>
    </ProjectKeywords>
    <FullScreen>
        <ShowRuler>No</ShowRuler>
        <PageLayout Facing="No">No</PageLayout>
        <TypewriterScrolling>Yes</TypewriterScrolling>
    </FullScreen>
    <Editors Primary="Editor1">
        <Editor1>
            <View>
                <ShowHeader>Yes</ShowHeader>
                <ShowFooter>Yes</ShowFooter>
                <GroupsViewMode>Single</GroupsViewMode>
                <CurrentViewMode>Single</CurrentViewMode>
                <SelectionAffects>Split</SelectionAffects>
                <Content>
                    <ItemID>9D32A05A-EAD8-47BC-B2CD-1E7C5DF4EFD5</ItemID>
                </Content>
                <NavigationHistory CurrentIndex="88">
                    <HistoryItem Type="BinderItems" ViewMode="Single">B8AC60FF-5F29-4E90-9FB7-623203943513</HistoryItem>
                    <HistoryItem Type="BinderItems" ViewMode="Single">58DD51C0-A10D-42D4-A7CD-5633135703FF</HistoryItem>
                    <HistoryItem Type="BinderItems" ViewMode="Single">199473B2-E6ED-468E-93DC-CE3A18CD42C1</HistoryItem>
                    <HistoryItem Type="BinderItems" ViewMode="Single">B8AC60FF-5F29-4E90-9FB7-623203943513</HistoryItem>
                    <HistoryItem Type="BinderItems" ViewMode="Single">6EF673C7-9DB2-42D1-9AAB-65C355B85D39</HistoryItem>
                    <HistoryItem Type="BinderItems" ViewMode="Single">199473B2-E6ED-468E-93DC-CE3A18CD42C1</HistoryItem>
                    <HistoryItem Type="BinderItems" ViewMode="Single">B8AC60FF-5F29-4E90-9FB7-623203943513</HistoryItem>
                    <HistoryItem Type="BinderItems" ViewMode="Single">199473B2-E6ED-468E-93DC-CE3A18CD42C1</HistoryItem>
                    <HistoryItem Type="BinderItems" ViewMode="Scrivenings" ScriveningsSelection="0,0">199473B2-E6ED-468E-93DC-CE3A18CD42C1,B8AC60FF-5F29-4E90-9FB7-623203943513</HistoryItem>
                    <HistoryItem Type="BinderItems" ViewMode="Single">6EF673C7-9DB2-42D1-9AAB-65C355B85D39</HistoryItem>
                    <HistoryItem Type="BinderItems" ViewMode="Single">B8AC60FF-5F29-4E90-9FB7-623203943513</HistoryItem>
                    <HistoryItem Type="BinderItems" ViewMode="Single">199473B2-E6ED-468E-93DC-CE3A18CD42C1</HistoryItem>
                    <HistoryItem Type="BinderItems" ViewMode="Single">B8AC60FF-5F29-4E90-9FB7-623203943513</HistoryItem>
                    <HistoryItem Type="BinderItems" ViewMode="Single">199473B2-E6ED-468E-93DC-CE3A18CD42C1</HistoryItem>
                    <HistoryItem Type="BinderItems" ViewMode="Single">B8AC60FF-5F29-4E90-9FB7-623203943513</HistoryItem>
                    <HistoryItem Type="BinderItems" ViewMode="Single">199473B2-E6ED-468E-93DC-CE3A18CD42C1</HistoryItem>
                    <HistoryItem Type="BinderItems" ViewMode="Single">B8AC60FF-5F29-4E90-9FB7-623203943513</HistoryItem>
                    <HistoryItem Type="BinderItems" ViewMode="Single">199473B2-E6ED-468E-93DC-CE3A18CD42C1</HistoryItem>
                    <HistoryItem Type="BinderItems" ViewMode="Single">B8AC60FF-5F29-4E90-9FB7-623203943513</HistoryItem>
                    <HistoryItem Type="BinderItems" ViewMode="Single">199473B2-E6ED-468E-93DC-CE3A18CD42C1</HistoryItem>
                    <HistoryItem Type="BinderItems" ViewMode="Single">B8AC60FF-5F29-4E90-9FB7-623203943513</HistoryItem>
                    <HistoryItem Type="BinderItems" ViewMode="Single">199473B2-E6ED-468E-93DC-CE3A18CD42C1</HistoryItem>
                    <HistoryItem Type="BinderItems" ViewMode="Single">58DD51C0-A10D-42D4-A7CD-5633135703FF</HistoryItem>
                    <HistoryItem Type="BinderItems" ViewMode="Single">6EF673C7-9DB2-42D1-9AAB-65C355B85D39</HistoryItem>
                    <HistoryItem Type="BinderItems" ViewMode="Single">B8AC60FF-5F29-4E90-9FB7-623203943513</HistoryItem>
                    <HistoryItem Type="BinderItems" ViewMode="Single">199473B2-E6ED-468E-93DC-CE3A18CD42C1</HistoryItem>
                    <HistoryItem Type="BinderItems" ViewMode="Single">6EF673C7-9DB2-42D1-9AAB-65C355B85D39</HistoryItem>
                    <HistoryItem Type="BinderItems" ViewMode="Single">58DD51C0-A10D-42D4-A7CD-5633135703FF</HistoryItem>
                    <HistoryItem Type="BinderItems" ViewMode="Single">6EF673C7-9DB2-42D1-9AAB-65C355B85D39</HistoryItem>
                    <HistoryItem Type="BinderItems" ViewMode="Single">58DD51C0-A10D-42D4-A7CD-5633135703FF</HistoryItem>
                    <HistoryItem Type="BinderItems" ViewMode="Single">6EF673C7-9DB2-42D1-9AAB-65C355B85D39</HistoryItem>
                    <HistoryItem Type="BinderItems" ViewMode="Single">199473B2-E6ED-468E-93DC-CE3A18CD42C1</HistoryItem>
                    <HistoryItem Type="BinderItems" ViewMode="Single">58DD51C0-A10D-42D4-A7CD-5633135703FF</HistoryItem>
                    <HistoryItem Type="BinderItems" ViewMode="Single">199473B2-E6ED-468E-93DC-CE3A18CD42C1</HistoryItem>
                    <HistoryItem Type="BinderItems" ViewMode="Single">B8AC60FF-5F29-4E90-9FB7-623203943513</HistoryItem>
                    <HistoryItem Type="BinderItems" ViewMode="Single">997B85EE-BAD8-46FB-ABAD-F91462A4105E</HistoryItem>
                    <HistoryItem Type="BinderItems" ViewMode="Single">58DD51C0-A10D-42D4-A7CD-5633135703FF</HistoryItem>
                    <HistoryItem Type="BinderItems" ViewMode="Single">6EF673C7-9DB2-42D1-9AAB-65C355B85D39</HistoryItem>
                    <HistoryItem Type="BinderItems" ViewMode="Single">997B85EE-BAD8-46FB-ABAD-F91462A4105E</HistoryItem>
                    <HistoryItem Type="BinderItems" ViewMode="Single">B8AC60FF-5F29-4E90-9FB7-623203943513</HistoryItem>
                    <HistoryItem Type="BinderItems" ViewMode="Single">199473B2-E6ED-468E-93DC-CE3A18CD42C1</HistoryItem>
                    <HistoryItem Type="BinderItems" ViewMode="Single">B8AC60FF-5F29-4E90-9FB7-623203943513</HistoryItem>
                    <HistoryItem Type="BinderItems" ViewMode="Single">199473B2-E6ED-468E-93DC-CE3A18CD42C1</HistoryItem>
                    <HistoryItem Type="BinderItems" ViewMode="Single">B8AC60FF-5F29-4E90-9FB7-623203943513</HistoryItem>
                    <HistoryItem Type="BinderItems" ViewMode="Single">199473B2-E6ED-468E-93DC-CE3A18CD42C1</HistoryItem>
                    <HistoryItem Type="BinderItems" ViewMode="Single">58DD51C0-A10D-42D4-A7CD-5633135703FF</HistoryItem>
                    <HistoryItem Type="BinderItems" ViewMode="Single">B8AC60FF-5F29-4E90-9FB7-623203943513</HistoryItem>
                    <HistoryItem Type="BinderItems" ViewMode="Single">58DD51C0-A10D-42D4-A7CD-5633135703FF</HistoryItem>
                    <HistoryItem Type="BinderItems" ViewMode="Single">6EF673C7-9DB2-42D1-9AAB-65C355B85D39</HistoryItem>
                    <HistoryItem Type="BinderItems" ViewMode="Single">58DD51C0-A10D-42D4-A7CD-5633135703FF</HistoryItem>
                    <HistoryItem Type="BinderItems" ViewMode="Single">6EF673C7-9DB2-42D1-9AAB-65C355B85D39</HistoryItem>
                    <HistoryItem Type="BinderItems" ViewMode="Single">58DD51C0-A10D-42D4-A7CD-5633135703FF</HistoryItem>
                    <HistoryItem Type="BinderItems" ViewMode="Single">997B85EE-BAD8-46FB-ABAD-F91462A4105E</HistoryItem>
                    <HistoryItem Type="BinderItems" ViewMode="Single">6EF673C7-9DB2-42D1-9AAB-65C355B85D39</HistoryItem>
                    <HistoryItem Type="BinderItems" ViewMode="Single">58DD51C0-A10D-42D4-A7CD-5633135703FF</HistoryItem>
                    <HistoryItem Type="BinderItems" ViewMode="Single">6EF673C7-9DB2-42D1-9AAB-65C355B85D39</HistoryItem>
                    <HistoryItem Type="BinderItems" ViewMode="Single">B8AC60FF-5F29-4E90-9FB7-623203943513</HistoryItem>
                    <HistoryItem Type="BinderItems" ViewMode="Single">199473B2-E6ED-468E-93DC-CE3A18CD42C1</HistoryItem>
                    <HistoryItem Type="BinderItems" ViewMode="Single">58DD51C0-A10D-42D4-A7CD-5633135703FF</HistoryItem>
                    <HistoryItem Type="BinderItems" ViewMode="Single">6EF673C7-9DB2-42D1-9AAB-65C355B85D39</HistoryItem>
                    <HistoryItem Type="BinderItems" ViewMode="Single">B8AC60FF-5F29-4E90-9FB7-623203943513</HistoryItem>
                    <HistoryItem Type="BinderItems" ViewMode="Single">58DD51C0-A10D-42D4-A7CD-5633135703FF</HistoryItem>
                    <HistoryItem Type="BinderItems" ViewMode="Single">997B85EE-BAD8-46FB-ABAD-F91462A4105E</HistoryItem>
                    <HistoryItem Type="BinderItems" ViewMode="Single">EDF6181A-D905-466D-9EB3-95C1268BBAEB</HistoryItem>
                    <HistoryItem Type="BinderItems" ViewMode="Single">3DAB7991-078E-4ADC-8F45-2FE118B4A0E4</HistoryItem>
                    <HistoryItem Type="BinderItems" ViewMode="Single">FDFFF7C5-E825-4EAD-A2C1-B0E6C1F3FFEC</HistoryItem>
                    <HistoryItem Type="BinderItems" ViewMode="Single">6519FB43-5BED-4F99-9D0A-54366D60161F</HistoryItem>
                    <HistoryItem Type="BinderItems" ViewMode="Single">C6EFC83F-3A17-42D2-8B4B-00066EEF3E28</HistoryItem>
                    <HistoryItem Type="BinderItems" ViewMode="Single">712085EC-2DB5-4889-9F46-6867C5C5D3FA</HistoryItem>
                    <HistoryItem Type="BinderItems" ViewMode="Single">D35DBCA8-5DDC-4244-AD4E-7E1B32552825</HistoryItem>
                    <HistoryItem Type="BinderItems" ViewMode="Single">B8AC60FF-5F29-4E90-9FB7-623203943513</HistoryItem>
                    <HistoryItem Type="BinderItems" ViewMode="Single">199473B2-E6ED-468E-93DC-CE3A18CD42C1</HistoryItem>
                    <HistoryItem Type="BinderItems" ViewMode="Single">58DD51C0-A10D-42D4-A7CD-5633135703FF</HistoryItem>
                    <HistoryItem Type="BinderItems" ViewMode="Single">6EF673C7-9DB2-42D1-9AAB-65C355B85D39</HistoryItem>
                    <HistoryItem Type="BinderItems" ViewMode="Single">96690C34-1F3E-4364-9883-79E52C6E4086</HistoryItem>
                    <HistoryItem Type="BinderItems" ViewMode="Single">610052D3-CAF0-4660-9585-92C62F150CEC</HistoryItem>
                    <HistoryItem Type="BinderItems" ViewMode="Single">9E10C7D5-D2D9-48A7-A5F4-5CB69C0ED66F</HistoryItem>
                    <HistoryItem Type="BinderItems" ViewMode="Single">927D0F94-B18F-4013-A3FA-9C466416AF43</HistoryItem>
                    <HistoryItem Type="BinderItems" ViewMode="Single">4999718C-11F3-4D34-ACCA-BB27CFC74482</HistoryItem>
                    <HistoryItem Type="BinderItems" ViewMode="Single">B8BAD63F-8DA5-483B-9161-1FF821C4BE33</HistoryItem>
                    <HistoryItem Type="BinderItems" ViewMode="Single">06F8B043-D43E-49A5-8586-184FFF1DBADF</HistoryItem>
                    <HistoryItem Type="BinderItems" ViewMode="Single">89C5CD13-BD32-46C4-B68A-EDDAFEED1CF3</HistoryItem>
                    <HistoryItem Type="BinderItems" ViewMode="Single">937E8660-EC33-47F1-BC52-816A99FBBC26</HistoryItem>
                    <HistoryItem Type="BinderItems" ViewMode="Single">EEABDE41-1792-41EA-9E11-E99394992EFE</HistoryItem>
                    <HistoryItem Type="BinderItems" ViewMode="Single">5BB7AA31-F5DC-4781-B7DB-422BC51447A5</HistoryItem>
                    <HistoryItem Type="BinderItems" ViewMode="Single">71AD0345-C526-4D82-8A3A-FF49FF1DA315</HistoryItem>
                    <HistoryItem Type="BinderItems" ViewMode="Single">393C408F-8DAF-4B21-9318-5BD5D5A9EA85</HistoryItem>
                    <HistoryItem Type="BinderItems" ViewMode="Single">D04A29F1-8103-4E3F-9781-698D9B1F60B2</HistoryItem>
                    <HistoryItem Type="BinderItems" ViewMode="Single">9D32A05A-EAD8-47BC-B2CD-1E7C5DF4EFD5</HistoryItem>
                </NavigationHistory>
            </View>
            <Text>
                <ShowRuler>No</ShowRuler>
                <PageLayout Facing="No">No</PageLayout>
                <TypewriterScrolling>No</TypewriterScrolling>
                <LineNumbers Interval="5">No</LineNumbers>
                <Selection>0,0</Selection>
            </Text>
            <Outliner>
                <Columns>
                    <ColID>includeInExport</ColID>
                    <ColID>title</ColID>
                    <ColID>key</ColID>
                    <ColID>attributes</ColID>
                    <ColID>class</ColID>
                    <ColID>value</ColID>
                    <ColID>sectionType</ColID>
                    <ColID>🔒</ColID>
                    <ColID>status</ColID>
                </Columns>
                <ExpandedItems>
                    <ItemID>A8EBA04B-7CA7-4024-A9D6-3C70825C0C6C</ItemID>
                </ExpandedItems>
                <TitlesOnly>No</TitlesOnly>
                <HideIcons>No</HideIcons>
                <ShowNumbers>No</ShowNumbers>
                <KeywordsAsChips>No</KeywordsAsChips>
                <FixedRowHeights>No</FixedRowHeights>
            </Outliner>
            <Corkboard>
                <CardsAcross>-1</CardsAcross>
                <KeywordChips>5</KeywordChips>
                <SizeCardsToFit>Yes</SizeCardsToFit>
                <CardHeightRatio>0.6666</CardHeightRatio>
                <SectionsArrangement>Wrap</SectionsArrangement>
                <LabelThreadsUseColumns>No</LabelThreadsUseColumns>
            </Corkboard>
            <Copyholder PreferredOrientation="Vertical" VerticalPos="Right" HorizontalPos="Bottom">
                <Text>
                    <ShowRuler>No</ShowRuler>
                    <PageLayout Facing="No">No</PageLayout>
                    <TypewriterScrolling>No</TypewriterScrolling>
                    <LineNumbers Interval="1">No</LineNumbers>
                </Text>
            </Copyholder>
        </Editor1>
        <Editor2>
            <View>
                <ShowHeader>Yes</ShowHeader>
                <ShowFooter>Yes</ShowFooter>
                <GroupsViewMode>Scrivenings</GroupsViewMode>
                <CurrentViewMode>Single</CurrentViewMode>
                <SelectionAffects>None</SelectionAffects>
                <NavigationHistory CurrentIndex="-1"/>
            </View>
            <Text>
                <ShowRuler>No</ShowRuler>
                <PageLayout Facing="No">No</PageLayout>
                <TypewriterScrolling>No</TypewriterScrolling>
                <LineNumbers Interval="1">No</LineNumbers>
                <Selection>0,0</Selection>
            </Text>
            <Outliner>
                <Columns>
                    <ColID>title</ColID>
                    <ColID>value</ColID>
                </Columns>
                <ExpandedItems>
                    <ItemID>94EFD213-99C2-4B40-ADB6-D4447D2FC2D5</ItemID>
                    <ItemID>CF53DC5A-D016-4749-87D6-BBA45D4AB0E1</ItemID>
                    <ItemID>4B657382-B5CF-4A62-951A-12DC30654FCA</ItemID>
                    <ItemID>261CE875-FBA9-4143-ADD8-0CDB139E072B</ItemID>
                </ExpandedItems>
                <TitlesOnly>Yes</TitlesOnly>
                <HideIcons>No</HideIcons>
                <ShowNumbers>No</ShowNumbers>
                <KeywordsAsChips>Yes</KeywordsAsChips>
                <FixedRowHeights>No</FixedRowHeights>
            </Outliner>
            <Corkboard>
                <CardsAcross>-1</CardsAcross>
                <KeywordChips>5</KeywordChips>
                <SizeCardsToFit>Yes</SizeCardsToFit>
                <CardHeightRatio>0.6666</CardHeightRatio>
                <SectionsArrangement>Wrap</SectionsArrangement>
                <LabelThreadsUseColumns>No</LabelThreadsUseColumns>
            </Corkboard>
            <Copyholder PreferredOrientation="Vertical" VerticalPos="Right" HorizontalPos="Bottom">
                <Text>
                    <ShowRuler>No</ShowRuler>
                    <PageLayout Facing="No">No</PageLayout>
                    <TypewriterScrolling>No</TypewriterScrolling>
                    <LineNumbers Interval="1">No</LineNumbers>
                </Text>
            </Copyholder>
        </Editor2>
    </Editors>
</UIStates>