<?xml version="1.0" encoding="UTF-8"?>
<Favorites Version="1.0">
    <MoveTo>
        <Recent>
            <UUID Date="2023-08-13 17:14:54 -0300">8B014782-1E52-4F6D-B15C-CA5FB440B23B</UUID>
            <UUID Date="2023-08-07 20:21:53 -0300">B1B32F21-010B-4749-9CC0-4495E0EE3ABC</UUID>
        </Recent>
        <Popular>
            <UUID Used="5" Date="2023-08-07 20:21:53 -0300">B1B32F21-010B-4749-9CC0-4495E0EE3ABC</UUID>
            <UUID Used="2" Date="2023-08-07 19:51:53 -0300">12E3CDF7-4C4C-42E1-B672-8944A18B2164</UUID>
            <UUID Used="1" Date="2023-08-13 17:14:54 -0300">8B014782-1E52-4F6D-B15C-CA5FB440B23B</UUID>
            <UUID Used="1" Date="2023-08-07 16:41:24 -0300">F48E8865-BCBA-4005-B796-F026FBA63EF8</UUID>
        </Popular>
    </MoveTo>
</Favorites>