<?xml version="1.0" encoding="UTF-8"?>
<Snapshots Version="1.0">
    <Snapshot>
        <Title>Untitled (Save)</Title>
        <Date>2023-06-18 22:49:37 -0300</Date>
        <Comments>
            <Comment ID="90D15B9D-4590-44D9-8A03-C47001BA98D8" Author="Ian Andolina" Footnote="Yes" Color="0.949769 0.949769 0.949769"><![CDATA[{\rtf1\ansi\ansicpg1252\cocoartf2709
\cocoatextscaling0\cocoaplatform0{\fonttbl\f0\fswiss\fcharset0 Helvetica;}
{\colortbl;\red255\green255\blue255;}
{\*\expandedcolortbl;;}
\pard\tx560\tx1120\tx1680\tx2240\tx2800\tx3360\tx3920\tx4480\tx5040\tx5600\tx6160\tx6720\pardirnatural\partightenfactor0

\f0\fs24 \cf0 Another footnote. Although footnotes get converted just fine, one caveat is you cannot use Scrivener inline styles, so you **must** use Pandoc markup *directly*.}]]></Comment>
        </Comments>
        <StyleIDs>436ABDF1-390E-40C7-9E2F-69F76D5E8171,DBA3069C-D764-42B9-A11D-0B280785674A,5965A856-9B22-4899-8310-43FEED791A93,FC5EFA20-2F76-4F4F-A589-276F497775B9</StyleIDs>
    </Snapshot>
</Snapshots>