<?xml version="1.0" encoding="UTF-8"?>
<Snapshots Version="1.0">
    <Snapshot>
        <Title>Untitled (Save)</Title>
        <Date>2022-10-15 15:31:32 -0300</Date>
        <StyleIDs>D7AD9701-CCA5-49D1-A178-D096CF3D098A</StyleIDs>
    </Snapshot>
    <Snapshot>
        <Title>Untitled (Save)</Title>
        <Date>2022-10-15 17:53:56 -0300</Date>
        <StyleIDs>D7AD9701-CCA5-49D1-A178-D096CF3D098A</StyleIDs>
    </Snapshot>
    <Snapshot>
        <Title>Untitled (Save)</Title>
        <Date>2022-10-15 20:43:08 -0300</Date>
        <StyleIDs>D7AD9701-CCA5-49D1-A178-D096CF3D098A</StyleIDs>
    </Snapshot>
</Snapshots>