<?xml version="1.0" encoding="UTF-8"?>
<UIStates>
    <Binder Show="Yes">
        <ShowCollections>No</ShowCollections>
        <SelectedCollection>0</SelectedCollection>
        <SubdocumentCounts>No</SubdocumentCounts>
        <ExpandedItems>
            <ItemID>8B014782-1E52-4F6D-B15C-CA5FB440B23B</ItemID>
        </ExpandedItems>
        <Selection>
            <ItemID>A7D24053-5C1F-4243-AFED-B0621EE5AD8A</ItemID>
        </Selection>
        <SearchResultsSort Titles="Ascending" Dates="Ascending">None</SearchResultsSort>
    </Binder>
    <Inspector Show="Yes" View="MetaData">
        <ShowProjectBookmarks>No</ShowProjectBookmarks>
        <ShowSimilarTexts>No</ShowSimilarTexts>
        <FootnoteNumbers Prompt="No">No</FootnoteNumbers>
    </Inspector>
    <Split>None</Split>
    <BinderAffects>Current</BinderAffects>
    <Labels>
        <Binder FullWidth="Yes">No</Binder>
        <Icons>No</Icons>
        <IndexCards>No</IndexCards>
        <OutlinerRows>No</OutlinerRows>
        <ScriveningsTitles>No</ScriveningsTitles>
    </Labels>
    <Corkboards>
        <LabelIndicators>Yes</LabelIndicators>
        <Stamps>No</Stamps>
        <Keywords>No</Keywords>
        <Numbers Restart="No">No</Numbers>
        <SnapToGrid>No</SnapToGrid>
        <BlankCardsAsGhosts>No</BlankCardsAsGhosts>
    </Corkboards>
    <Text>
        <ShowFormatBar>Yes</ShowFormatBar>
        <UseVerticalLayout>No</UseVerticalLayout>
        <ShowScriveningsTitles>Yes</ShowScriveningsTitles>
        <ShowInvisibles>No</ShowInvisibles>
        <RevisionMode>0</RevisionMode>
        <TextChecking>
            <Spelling>Yes</Spelling>
            <Grammar>No</Grammar>
            <SmartQuotes>No</SmartQuotes>
            <SmartDashes>No</SmartDashes>
        </TextChecking>
    </Text>
    <ProjectKeywords>
        <ExpandedItems>
            <ItemID>21</ItemID>
            <ItemID>25</ItemID>
            <ItemID>33</ItemID>
            <ItemID>37</ItemID>
        </ExpandedItems>
    </ProjectKeywords>
    <FullScreen>
        <ShowRuler>No</ShowRuler>
        <PageLayout Facing="No">No</PageLayout>
        <TypewriterScrolling>Yes</TypewriterScrolling>
    </FullScreen>
    <Editors Primary="Editor1">
        <Editor1>
            <View>
                <ShowHeader>Yes</ShowHeader>
                <ShowFooter>Yes</ShowFooter>
                <GroupsViewMode>Outliner</GroupsViewMode>
                <CurrentViewMode>Outliner</CurrentViewMode>
                <SelectionAffects>Split</SelectionAffects>
                <Content>
                    <ItemID>A7D24053-5C1F-4243-AFED-B0621EE5AD8A</ItemID>
                </Content>
                <Selection>
                    <ItemID>4BBD79A6-75D8-4FA9-9DFB-28AEFDF2AA83</ItemID>
                </Selection>
                <NavigationHistory CurrentIndex="99">
                    <HistoryItem Type="BinderItems" ViewMode="Single">23341F11-122D-4539-B599-2E1F0C0FF6C5</HistoryItem>
                    <HistoryItem Type="BinderItems" ViewMode="Single">E297D0E9-3F3B-44BE-8BA6-B976FAB8DBE0</HistoryItem>
                    <HistoryItem Type="BinderItems" ViewMode="Single">937E8660-EC33-47F1-BC52-816A99FBBC26</HistoryItem>
                    <HistoryItem Type="BinderItems" ViewMode="Single">89C5CD13-BD32-46C4-B68A-EDDAFEED1CF3</HistoryItem>
                    <HistoryItem Type="BinderItems" ViewMode="Single">9B73E865-BE67-498E-85C4-81ECD15C598D</HistoryItem>
                    <HistoryItem Type="BinderItems" ViewMode="Single">6C12D926-3009-4C54-9C42-B76B76379E0A</HistoryItem>
                    <HistoryItem Type="BinderItems" ViewMode="Single">EA34AC25-416C-4018-8F59-1204A188736B</HistoryItem>
                    <HistoryItem Type="BinderItems" ViewMode="Single">6C12D926-3009-4C54-9C42-B76B76379E0A</HistoryItem>
                    <HistoryItem Type="BinderItems" ViewMode="Scrivenings" ScriveningsSelection="0,0">D7FB83E9-DFD3-482F-9D4C-D70FC1D8907D</HistoryItem>
                    <HistoryItem Type="BinderItems" ViewMode="Single">6C12D926-3009-4C54-9C42-B76B76379E0A</HistoryItem>
                    <HistoryItem Type="BinderItems" ViewMode="Scrivenings" ScriveningsSelection="0,0">D7FB83E9-DFD3-482F-9D4C-D70FC1D8907D</HistoryItem>
                    <HistoryItem Type="BinderItems" ViewMode="Single">6C12D926-3009-4C54-9C42-B76B76379E0A</HistoryItem>
                    <HistoryItem Type="BinderItems" ViewMode="Single">EA34AC25-416C-4018-8F59-1204A188736B</HistoryItem>
                    <HistoryItem Type="BinderItems" ViewMode="Single">23341F11-122D-4539-B599-2E1F0C0FF6C5</HistoryItem>
                    <HistoryItem Type="BinderItems" ViewMode="Single">E297D0E9-3F3B-44BE-8BA6-B976FAB8DBE0</HistoryItem>
                    <HistoryItem Type="BinderItems" ViewMode="Scrivenings" ScriveningsSelection="0,0">06F8B043-D43E-49A5-8586-184FFF1DBADF,5CB52DA9-8356-4C28-841D-ADEA1BE0494A,9B73E865-BE67-498E-85C4-81ECD15C598D,89C5CD13-BD32-46C4-B68A-EDDAFEED1CF3,937E8660-EC33-47F1-BC52-816A99FBBC26</HistoryItem>
                    <HistoryItem Type="BinderItems" ViewMode="Single">E297D0E9-3F3B-44BE-8BA6-B976FAB8DBE0</HistoryItem>
                    <HistoryItem Type="BinderItems" ViewMode="Single">23341F11-122D-4539-B599-2E1F0C0FF6C5</HistoryItem>
                    <HistoryItem Type="BinderItems" ViewMode="Single">EA34AC25-416C-4018-8F59-1204A188736B</HistoryItem>
                    <HistoryItem Type="BinderItems" ViewMode="Single">6C12D926-3009-4C54-9C42-B76B76379E0A</HistoryItem>
                    <HistoryItem Type="BinderItems" ViewMode="Scrivenings" ScriveningsSelection="0,0">D7FB83E9-DFD3-482F-9D4C-D70FC1D8907D</HistoryItem>
                    <HistoryItem Type="BinderItems" ViewMode="Single">E297D0E9-3F3B-44BE-8BA6-B976FAB8DBE0</HistoryItem>
                    <HistoryItem Type="BinderItems" ViewMode="Single">50DE35EA-2331-4E9D-9343-E3008C9B6A44</HistoryItem>
                    <HistoryItem Type="BinderItems" ViewMode="Single">6EF673C7-9DB2-42D1-9AAB-65C355B85D39</HistoryItem>
                    <HistoryItem Type="BinderItems" ViewMode="Single">23341F11-122D-4539-B599-2E1F0C0FF6C5</HistoryItem>
                    <HistoryItem Type="BinderItems" ViewMode="Scrivenings" ScriveningsSelection="0,0">9D32A05A-EAD8-47BC-B2CD-1E7C5DF4EFD5</HistoryItem>
                    <HistoryItem Type="BinderItems" ViewMode="Outliner">C34A4F46-03D4-463E-97C3-336E1883F405</HistoryItem>
                    <HistoryItem Type="BinderItems" ViewMode="Outliner">10AEFED7-51A1-4C0E-93E2-C687B5811BFD</HistoryItem>
                    <HistoryItem Type="BinderItems" ViewMode="Outliner">C7870D41-0F25-4176-B5F7-9C92C6BB79C3</HistoryItem>
                    <HistoryItem Type="BinderItems" ViewMode="Outliner">10AEFED7-51A1-4C0E-93E2-C687B5811BFD</HistoryItem>
                    <HistoryItem Type="BinderItems" ViewMode="Scrivenings" ScriveningsSelection="0,0">C7870D41-0F25-4176-B5F7-9C92C6BB79C3</HistoryItem>
                    <HistoryItem Type="BinderItems" ViewMode="Scrivenings" ScriveningsSelection="0,0">185EE090-0171-43C1-AF8F-E47D6194AD3D</HistoryItem>
                    <HistoryItem Type="BinderItems" ViewMode="Single">B1B32F21-010B-4749-9CC0-4495E0EE3ABC</HistoryItem>
                    <HistoryItem Type="BinderItems" ViewMode="Outliner">D01DB0F9-52BE-4177-8B87-E92F16F0792C</HistoryItem>
                    <HistoryItem Type="BinderItems" ViewMode="Single">F92702A2-BAF8-44A8-8697-5C126BF04246</HistoryItem>
                    <HistoryItem Type="BinderItems" ViewMode="Outliner">D01DB0F9-52BE-4177-8B87-E92F16F0792C</HistoryItem>
                    <HistoryItem Type="BinderItems" ViewMode="Outliner">C0E7E433-5778-488A-AEB6-B61D34A06831</HistoryItem>
                    <HistoryItem Type="BinderItems" ViewMode="Single">67C97A8F-FBAB-41D9-8F3B-F28C38D9FDCC</HistoryItem>
                    <HistoryItem Type="BinderItems" ViewMode="Outliner">C0E7E433-5778-488A-AEB6-B61D34A06831</HistoryItem>
                    <HistoryItem Type="BinderItems" ViewMode="Outliner">D01DB0F9-52BE-4177-8B87-E92F16F0792C</HistoryItem>
                    <HistoryItem Type="BinderItems" ViewMode="Outliner">5681A6B7-F48A-475E-B0CE-4622E60212E8</HistoryItem>
                    <HistoryItem Type="BinderItems" ViewMode="Scrivenings" ScriveningsSelection="0,0">01CC341D-870E-4C1A-899E-FC1E3C5AFF20</HistoryItem>
                    <HistoryItem Type="BinderItems" ViewMode="Single">F92702A2-BAF8-44A8-8697-5C126BF04246</HistoryItem>
                    <HistoryItem Type="BinderItems" ViewMode="Outliner">D01DB0F9-52BE-4177-8B87-E92F16F0792C</HistoryItem>
                    <HistoryItem Type="BinderItems" ViewMode="Outliner">C0E7E433-5778-488A-AEB6-B61D34A06831</HistoryItem>
                    <HistoryItem Type="BinderItems" ViewMode="Outliner">D01DB0F9-52BE-4177-8B87-E92F16F0792C</HistoryItem>
                    <HistoryItem Type="BinderItems" ViewMode="Outliner">C0E7E433-5778-488A-AEB6-B61D34A06831</HistoryItem>
                    <HistoryItem Type="BinderItems" ViewMode="Outliner">C34A4F46-03D4-463E-97C3-336E1883F405</HistoryItem>
                    <HistoryItem Type="BinderItems" ViewMode="Scrivenings" ScriveningsSelection="0,0">C0E7E433-5778-488A-AEB6-B61D34A06831</HistoryItem>
                    <HistoryItem Type="BinderItems" ViewMode="Scrivenings" ScriveningsSelection="0,0">9F2BB147-F146-4D4D-8B9D-4A51039B3B21</HistoryItem>
                    <HistoryItem Type="BinderItems" ViewMode="Scrivenings" ScriveningsSelection="0,0">8D6D3F5E-91AA-449C-82A3-0CE5C106DCE7</HistoryItem>
                    <HistoryItem Type="BinderItems" ViewMode="Single">59CF5591-832C-4F56-9CA5-77788CF1CE07</HistoryItem>
                    <HistoryItem Type="BinderItems" ViewMode="Outliner">D01DB0F9-52BE-4177-8B87-E92F16F0792C</HistoryItem>
                    <HistoryItem Type="BinderItems" ViewMode="Outliner">C0E7E433-5778-488A-AEB6-B61D34A06831</HistoryItem>
                    <HistoryItem Type="BinderItems" ViewMode="Outliner">C34A4F46-03D4-463E-97C3-336E1883F405</HistoryItem>
                    <HistoryItem Type="BinderItems" ViewMode="Scrivenings" ScriveningsSelection="0,0">185EE090-0171-43C1-AF8F-E47D6194AD3D</HistoryItem>
                    <HistoryItem Type="BinderItems" ViewMode="Single">E8956215-97C1-41DA-8AB9-50C2891EA656</HistoryItem>
                    <HistoryItem Type="BinderItems" ViewMode="Single">F59D4BB3-2F47-4FF7-8B38-B165E0FFD754</HistoryItem>
                    <HistoryItem Type="BinderItems" ViewMode="Single">6867277E-E7BB-49B5-9A35-D026AB1041AA</HistoryItem>
                    <HistoryItem Type="BinderItems" ViewMode="Single">F2A4F170-64C5-4BC3-9C81-DA8A02484321</HistoryItem>
                    <HistoryItem Type="BinderItems" ViewMode="Scrivenings" ScriveningsSelection="0,0">43A5BAD6-4E61-497E-8F2D-AC8442D390AF</HistoryItem>
                    <HistoryItem Type="BinderItems" ViewMode="Single">F2A4F170-64C5-4BC3-9C81-DA8A02484321</HistoryItem>
                    <HistoryItem Type="BinderItems" ViewMode="Single">F59D4BB3-2F47-4FF7-8B38-B165E0FFD754</HistoryItem>
                    <HistoryItem Type="BinderItems" ViewMode="Single">6867277E-E7BB-49B5-9A35-D026AB1041AA</HistoryItem>
                    <HistoryItem Type="BinderItems" ViewMode="Single">F59D4BB3-2F47-4FF7-8B38-B165E0FFD754</HistoryItem>
                    <HistoryItem Type="BinderItems" ViewMode="Single">8A855D83-0545-48B6-97DF-851A1D30A2E6</HistoryItem>
                    <HistoryItem Type="BinderItems" ViewMode="Single">85C94DE1-452F-4489-A210-C3E6BC6D7DAD</HistoryItem>
                    <HistoryItem Type="BinderItems" ViewMode="Single">B05EE01C-21D1-47E5-880B-B69523D12C14</HistoryItem>
                    <HistoryItem Type="BinderItems" ViewMode="Single">F2A4F170-64C5-4BC3-9C81-DA8A02484321</HistoryItem>
                    <HistoryItem Type="BinderItems" ViewMode="Scrivenings" ScriveningsSelection="0,0">47D70777-02D8-40B9-A4BA-A83AF0CD65B8</HistoryItem>
                    <HistoryItem Type="BinderItems" ViewMode="Scrivenings" ScriveningsSelection="0,0">440041EA-AAA9-4541-8C54-CE4482CCA337</HistoryItem>
                    <HistoryItem Type="BinderItems" ViewMode="Single">F2A4F170-64C5-4BC3-9C81-DA8A02484321</HistoryItem>
                    <HistoryItem Type="BinderItems" ViewMode="Single">43A5BAD6-4E61-497E-8F2D-AC8442D390AF</HistoryItem>
                    <HistoryItem Type="BinderItems" ViewMode="Single">8A855D83-0545-48B6-97DF-851A1D30A2E6</HistoryItem>
                    <HistoryItem Type="BinderItems" ViewMode="Single">85C94DE1-452F-4489-A210-C3E6BC6D7DAD</HistoryItem>
                    <HistoryItem Type="BinderItems" ViewMode="Single">B05EE01C-21D1-47E5-880B-B69523D12C14</HistoryItem>
                    <HistoryItem Type="BinderItems" ViewMode="Single">E8956215-97C1-41DA-8AB9-50C2891EA656</HistoryItem>
                    <HistoryItem Type="BinderItems" ViewMode="Single">F59D4BB3-2F47-4FF7-8B38-B165E0FFD754</HistoryItem>
                    <HistoryItem Type="BinderItems" ViewMode="Single">6867277E-E7BB-49B5-9A35-D026AB1041AA</HistoryItem>
                    <HistoryItem Type="BinderItems" ViewMode="Single">F2A4F170-64C5-4BC3-9C81-DA8A02484321</HistoryItem>
                    <HistoryItem Type="BinderItems" ViewMode="Single">47D70777-02D8-40B9-A4BA-A83AF0CD65B8</HistoryItem>
                    <HistoryItem Type="BinderItems" ViewMode="Single">B28881DE-6A3D-4806-A6ED-717A9BC7C7AD</HistoryItem>
                    <HistoryItem Type="BinderItems" ViewMode="Single">6B1ADF81-FF2E-4A3F-AD78-8BF49DC26796</HistoryItem>
                    <HistoryItem Type="BinderItems" ViewMode="Single">F402D619-20AE-4309-9AB9-BB0F62564DE3</HistoryItem>
                    <HistoryItem Type="BinderItems" ViewMode="Scrivenings" ScriveningsSelection="4075,0">185EE090-0171-43C1-AF8F-E47D6194AD3D</HistoryItem>
                    <HistoryItem Type="BinderItems" ViewMode="Single">E8956215-97C1-41DA-8AB9-50C2891EA656</HistoryItem>
                    <HistoryItem Type="BinderItems" ViewMode="Single">6867277E-E7BB-49B5-9A35-D026AB1041AA</HistoryItem>
                    <HistoryItem Type="BinderItems" ViewMode="Single">F2A4F170-64C5-4BC3-9C81-DA8A02484321</HistoryItem>
                    <HistoryItem Type="BinderItems" ViewMode="Scrivenings" ScriveningsSelection="0,0">47D70777-02D8-40B9-A4BA-A83AF0CD65B8</HistoryItem>
                    <HistoryItem Type="BinderItems" ViewMode="Single">F402D619-20AE-4309-9AB9-BB0F62564DE3</HistoryItem>
                    <HistoryItem Type="BinderItems" ViewMode="Scrivenings" ScriveningsSelection="4605,0">185EE090-0171-43C1-AF8F-E47D6194AD3D</HistoryItem>
                    <HistoryItem Type="BinderItems" ViewMode="Single">84F44FFA-37E7-45BB-B526-9E2D603A3A47</HistoryItem>
                    <HistoryItem Type="BinderItems" ViewMode="Single">E8956215-97C1-41DA-8AB9-50C2891EA656</HistoryItem>
                    <HistoryItem Type="BinderItems" ViewMode="Single">F59D4BB3-2F47-4FF7-8B38-B165E0FFD754</HistoryItem>
                    <HistoryItem Type="BinderItems" ViewMode="Single">F2A4F170-64C5-4BC3-9C81-DA8A02484321</HistoryItem>
                    <HistoryItem Type="BinderItems" ViewMode="Scrivenings" ScriveningsSelection="0,0">43A5BAD6-4E61-497E-8F2D-AC8442D390AF</HistoryItem>
                    <HistoryItem Type="BinderItems" ViewMode="Single">F2A4F170-64C5-4BC3-9C81-DA8A02484321</HistoryItem>
                    <HistoryItem Type="BinderItems" ViewMode="Scrivenings" ScriveningsSelection="26185,0">9D32A05A-EAD8-47BC-B2CD-1E7C5DF4EFD5</HistoryItem>
                    <HistoryItem Type="BinderItems" ViewMode="Outliner">6E166A5C-F0A7-4B33-9751-BD511DBF6F55</HistoryItem>
                    <HistoryItem Type="BinderItems" ViewMode="Outliner">A7D24053-5C1F-4243-AFED-B0621EE5AD8A</HistoryItem>
                </NavigationHistory>
            </View>
            <Text>
                <ShowRuler>No</ShowRuler>
                <PageLayout Facing="No">No</PageLayout>
                <TypewriterScrolling>No</TypewriterScrolling>
                <LineNumbers Interval="5">No</LineNumbers>
                <Selection>0,0</Selection>
            </Text>
            <Outliner>
                <Columns>
                    <ColID>includeInExport</ColID>
                    <ColID>title</ColID>
                    <ColID>value</ColID>
                    <ColID>attributes</ColID>
                    <ColID>class</ColID>
                    <ColID>sectionType</ColID>
                    <ColID>🔒</ColID>
                    <ColID>status</ColID>
                </Columns>
                <ExpandedItems>
                    <ItemID>D01DB0F9-52BE-4177-8B87-E92F16F0792C</ItemID>
                    <ItemID>DD432969-0441-4719-8253-A4180F7B828C</ItemID>
                    <ItemID>71822B97-3F31-476F-9068-6AA25FB44C07</ItemID>
                    <ItemID>F1FA99B5-9311-4B1D-AA8C-99E81282DF61</ItemID>
                    <ItemID>08C8BE6A-361D-4D35-A807-07C8DEC7E188</ItemID>
                    <ItemID>1AEA5738-519B-40CC-8918-593A84777692</ItemID>
                    <ItemID>9C9D862B-4394-4DF6-A078-0332F11F6A89</ItemID>
                    <ItemID>43392F6F-37D1-4508-815D-8B17934FDA23</ItemID>
                    <ItemID>DCE2AE65-3509-4719-B7A2-4A5E86060C9D</ItemID>
                    <ItemID>5C7C2C6D-133D-41CA-9324-32318278B663</ItemID>
                    <ItemID>791BDFF1-9130-4716-8936-1F3B576C5DE2</ItemID>
                    <ItemID>EE4E8B09-D7A5-418F-8272-4AAD58749062</ItemID>
                    <ItemID>E5B655B1-0287-46EA-A406-721EDDBF03E8</ItemID>
                </ExpandedItems>
                <TitlesOnly>Yes</TitlesOnly>
                <HideIcons>No</HideIcons>
                <ShowNumbers>No</ShowNumbers>
                <KeywordsAsChips>No</KeywordsAsChips>
                <FixedRowHeights>No</FixedRowHeights>
            </Outliner>
            <Corkboard>
                <CardsAcross>-1</CardsAcross>
                <KeywordChips>5</KeywordChips>
                <SizeCardsToFit>Yes</SizeCardsToFit>
                <CardHeightRatio>0.6666</CardHeightRatio>
                <SectionsArrangement>Wrap</SectionsArrangement>
                <LabelThreadsUseColumns>No</LabelThreadsUseColumns>
            </Corkboard>
            <Copyholder PreferredOrientation="Vertical" VerticalPos="Right" HorizontalPos="Bottom">
                <Text>
                    <ShowRuler>No</ShowRuler>
                    <PageLayout Facing="No">No</PageLayout>
                    <TypewriterScrolling>No</TypewriterScrolling>
                    <LineNumbers Interval="1">No</LineNumbers>
                </Text>
            </Copyholder>
        </Editor1>
        <Editor2>
            <View>
                <ShowHeader>Yes</ShowHeader>
                <ShowFooter>Yes</ShowFooter>
                <GroupsViewMode>Scrivenings</GroupsViewMode>
                <CurrentViewMode>Single</CurrentViewMode>
                <SelectionAffects>None</SelectionAffects>
                <NavigationHistory CurrentIndex="0"/>
            </View>
            <Text>
                <ShowRuler>No</ShowRuler>
                <PageLayout Facing="No">No</PageLayout>
                <TypewriterScrolling>No</TypewriterScrolling>
                <LineNumbers Interval="1">No</LineNumbers>
                <Selection>0,0</Selection>
            </Text>
            <Outliner>
                <Columns>
                    <ColID>title</ColID>
                    <ColID>value</ColID>
                </Columns>
                <ExpandedItems>
                    <ItemID>94EFD213-99C2-4B40-ADB6-D4447D2FC2D5</ItemID>
                    <ItemID>CF53DC5A-D016-4749-87D6-BBA45D4AB0E1</ItemID>
                    <ItemID>4B657382-B5CF-4A62-951A-12DC30654FCA</ItemID>
                    <ItemID>261CE875-FBA9-4143-ADD8-0CDB139E072B</ItemID>
                </ExpandedItems>
                <TitlesOnly>Yes</TitlesOnly>
                <HideIcons>No</HideIcons>
                <ShowNumbers>No</ShowNumbers>
                <KeywordsAsChips>Yes</KeywordsAsChips>
                <FixedRowHeights>No</FixedRowHeights>
            </Outliner>
            <Corkboard>
                <CardsAcross>-1</CardsAcross>
                <KeywordChips>5</KeywordChips>
                <SizeCardsToFit>Yes</SizeCardsToFit>
                <CardHeightRatio>0.6666</CardHeightRatio>
                <SectionsArrangement>Wrap</SectionsArrangement>
                <LabelThreadsUseColumns>No</LabelThreadsUseColumns>
            </Corkboard>
            <Copyholder PreferredOrientation="Vertical" VerticalPos="Right" HorizontalPos="Bottom">
                <Text>
                    <ShowRuler>No</ShowRuler>
                    <PageLayout Facing="No">No</PageLayout>
                    <TypewriterScrolling>No</TypewriterScrolling>
                    <LineNumbers Interval="1">No</LineNumbers>
                </Text>
            </Copyholder>
        </Editor2>
    </Editors>
</UIStates>