<?xml version="1.0" encoding="UTF-8"?>
<UIStates>
    <Binder Show="Yes">
        <ShowCollections>Yes</ShowCollections>
        <SelectedCollection>4</SelectedCollection>
        <SubdocumentCounts>No</SubdocumentCounts>
        <ExpandedItems>
            <ItemID>9D32A05A-EAD8-47BC-B2CD-1E7C5DF4EFD5</ItemID>
            <ItemID>52F25A57-DFED-4D84-8E6B-546D242FE3C6</ItemID>
            <ItemID>B1B32F21-010B-4749-9CC0-4495E0EE3ABC</ItemID>
            <ItemID>DAEEA030-90C5-4CF3-B823-BA362EA9AFD3</ItemID>
            <ItemID>8B014782-1E52-4F6D-B15C-CA5FB440B23B</ItemID>
            <ItemID>D04A29F1-8103-4E3F-9781-698D9B1F60B2</ItemID>
        </ExpandedItems>
        <Selection>
            <ItemID>B1B32F21-010B-4749-9CC0-4495E0EE3ABC</ItemID>
        </Selection>
        <SearchResultsSort Titles="Ascending" Dates="Ascending">None</SearchResultsSort>
    </Binder>
    <Inspector Show="Yes" View="MetaData">
        <ShowProjectBookmarks>Yes</ShowProjectBookmarks>
        <ShowSimilarTexts>No</ShowSimilarTexts>
        <FootnoteNumbers Prompt="No">No</FootnoteNumbers>
    </Inspector>
    <Split>None</Split>
    <BinderAffects>Current</BinderAffects>
    <Labels>
        <Binder FullWidth="Yes">No</Binder>
        <Icons>No</Icons>
        <IndexCards>No</IndexCards>
        <OutlinerRows>No</OutlinerRows>
        <ScriveningsTitles>No</ScriveningsTitles>
    </Labels>
    <Corkboards>
        <LabelIndicators>Yes</LabelIndicators>
        <Stamps>No</Stamps>
        <Keywords>No</Keywords>
        <Numbers Restart="No">No</Numbers>
        <SnapToGrid>No</SnapToGrid>
        <BlankCardsAsGhosts>No</BlankCardsAsGhosts>
    </Corkboards>
    <Text>
        <ShowFormatBar>Yes</ShowFormatBar>
        <UseVerticalLayout>No</UseVerticalLayout>
        <ShowScriveningsTitles>Yes</ShowScriveningsTitles>
        <ShowInvisibles>No</ShowInvisibles>
        <RevisionMode>0</RevisionMode>
        <TextChecking>
            <Spelling>Yes</Spelling>
            <Grammar>No</Grammar>
            <SmartQuotes>No</SmartQuotes>
            <SmartDashes>No</SmartDashes>
        </TextChecking>
    </Text>
    <ProjectKeywords>
        <ExpandedItems>
            <ItemID>45</ItemID>
        </ExpandedItems>
    </ProjectKeywords>
    <FullScreen>
        <ShowRuler>No</ShowRuler>
        <PageLayout Facing="No">No</PageLayout>
        <TypewriterScrolling>Yes</TypewriterScrolling>
    </FullScreen>
    <Editors Primary="Editor1">
        <Editor1>
            <View>
                <ShowHeader>Yes</ShowHeader>
                <ShowFooter>Yes</ShowFooter>
                <GroupsViewMode>Scrivenings</GroupsViewMode>
                <CurrentViewMode>Scrivenings</CurrentViewMode>
                <SelectionAffects>None</SelectionAffects>
                <Content>
                    <ItemID>B1B32F21-010B-4749-9CC0-4495E0EE3ABC</ItemID>
                </Content>
                <NavigationHistory CurrentIndex="94">
                    <HistoryItem Type="BinderItems" ViewMode="Scrivenings" ScriveningsSelection="0,0">79A0D2BA-0AB9-4E2C-9F59-BC78AA99F51D</HistoryItem>
                    <HistoryItem Type="BinderItems" ViewMode="Scrivenings" ScriveningsSelection="0,0">9D32A05A-EAD8-47BC-B2CD-1E7C5DF4EFD5</HistoryItem>
                    <HistoryItem Type="BinderItems" ViewMode="Single">5572C18C-80E0-420C-8AB5-4B2D75A5DE68</HistoryItem>
                    <HistoryItem Type="BinderItems" ViewMode="Scrivenings" ScriveningsSelection="0,0">9D32A05A-EAD8-47BC-B2CD-1E7C5DF4EFD5</HistoryItem>
                    <HistoryItem Type="BinderItems" ViewMode="Single">6D5FE8F8-D156-438B-9A05-905021C55C6A</HistoryItem>
                    <HistoryItem Type="BinderItems" ViewMode="Scrivenings" ScriveningsSelection="0,0">9D32A05A-EAD8-47BC-B2CD-1E7C5DF4EFD5</HistoryItem>
                    <HistoryItem Type="BinderItems" ViewMode="Single">CDC06842-24E4-44F9-ADDF-AE7EFBA28443</HistoryItem>
                    <HistoryItem Type="BinderItems" ViewMode="Scrivenings" ScriveningsSelection="0,0">CDC06842-24E4-44F9-ADDF-AE7EFBA28443,1B9AC070-E999-460B-906D-392677BD996F,FB00FEC0-30BF-466F-AA35-AA06C5566D11,A94AC5D9-0E98-44E9-9580-E06A46A037BB,D180055B-31C7-4B97-A2C0-3AAE222A87E3,E3680FFB-6DDA-4BDC-B5FF-F1769C739E36,E645AC79-FDF3-4AC9-958F-471199D45BBA,B89753DD-0769-4039-92EC-058BE974ED9B</HistoryItem>
                    <HistoryItem Type="BinderItems" ViewMode="Single">068A9F8E-8EE6-42B1-A0F9-3C0FDA47F18B</HistoryItem>
                    <HistoryItem Type="BinderItems" ViewMode="Scrivenings" ScriveningsSelection="0,0">068A9F8E-8EE6-42B1-A0F9-3C0FDA47F18B,EA34AC25-416C-4018-8F59-1204A188736B,23341F11-122D-4539-B599-2E1F0C0FF6C5,2E402D1D-9F75-4C32-92A9-081048044A4D</HistoryItem>
                    <HistoryItem Type="BinderItems" ViewMode="Single">A56B5A8A-671A-4516-960E-5839DF6FA658</HistoryItem>
                    <HistoryItem Type="BinderItems" ViewMode="Scrivenings" ScriveningsSelection="0,0">A56B5A8A-671A-4516-960E-5839DF6FA658,58DD51C0-A10D-42D4-A7CD-5633135703FF,4A6E876D-9454-4B01-8601-5095FEB8C240,B8AC60FF-5F29-4E90-9FB7-623203943513</HistoryItem>
                    <HistoryItem Type="BinderItems" ViewMode="Single">96554CC1-5209-4504-A2B1-8B2229AB2E80</HistoryItem>
                    <HistoryItem Type="BinderItems" ViewMode="Scrivenings" ScriveningsSelection="0,0">96554CC1-5209-4504-A2B1-8B2229AB2E80,934E8807-2DBA-45A4-BDA3-28AE7081471F,81CAFE19-9BB6-445D-B6D5-0A80E9A19CE8,1625CCF8-9D46-4918-A622-C6D5BC0449C1,B60D0939-8B70-48B5-B396-F317FC00B407</HistoryItem>
                    <HistoryItem Type="BinderItems" ViewMode="Scrivenings" ScriveningsSelection="0,0">9D32A05A-EAD8-47BC-B2CD-1E7C5DF4EFD5</HistoryItem>
                    <HistoryItem Type="BinderItems" ViewMode="Single">185EE090-0171-43C1-AF8F-E47D6194AD3D</HistoryItem>
                    <HistoryItem Type="BinderItems" ViewMode="Single">75328270-2D7F-4214-90C9-EF30D13142C2</HistoryItem>
                    <HistoryItem Type="BinderItems" ViewMode="Single">7D32EBE7-E828-4790-AEB7-5395B79EEE42</HistoryItem>
                    <HistoryItem Type="BinderItems" ViewMode="Single">CDC06842-24E4-44F9-ADDF-AE7EFBA28443</HistoryItem>
                    <HistoryItem Type="BinderItems" ViewMode="Scrivenings" ScriveningsSelection="0,0">F8665414-346F-4086-A526-E4BEB96BC2A6</HistoryItem>
                    <HistoryItem Type="BinderItems" ViewMode="Single">CDC06842-24E4-44F9-ADDF-AE7EFBA28443</HistoryItem>
                    <HistoryItem Type="BinderItems" ViewMode="Scrivenings" ScriveningsSelection="0,0">9D01F500-60C4-46B8-B2DB-F15724E03AF6</HistoryItem>
                    <HistoryItem Type="BinderItems" ViewMode="Scrivenings" ScriveningsSelection="0,0">F8665414-346F-4086-A526-E4BEB96BC2A6</HistoryItem>
                    <HistoryItem Type="BinderItems" ViewMode="Single">CDC06842-24E4-44F9-ADDF-AE7EFBA28443</HistoryItem>
                    <HistoryItem Type="BinderItems" ViewMode="Scrivenings" ScriveningsSelection="0,0">F8665414-346F-4086-A526-E4BEB96BC2A6</HistoryItem>
                    <HistoryItem Type="BinderItems" ViewMode="Single">7D32EBE7-E828-4790-AEB7-5395B79EEE42</HistoryItem>
                    <HistoryItem Type="BinderItems" ViewMode="Scrivenings" ScriveningsSelection="0,0">3DAB7991-078E-4ADC-8F45-2FE118B4A0E4</HistoryItem>
                    <HistoryItem Type="BinderItems" ViewMode="Single">FDFFF7C5-E825-4EAD-A2C1-B0E6C1F3FFEC</HistoryItem>
                    <HistoryItem Type="BinderItems" ViewMode="Scrivenings" ScriveningsSelection="0,0">2851F009-C8C7-4677-8BA1-2F8BBE58F89B</HistoryItem>
                    <HistoryItem Type="BinderItems" ViewMode="Single">96554CC1-5209-4504-A2B1-8B2229AB2E80</HistoryItem>
                    <HistoryItem Type="BinderItems" ViewMode="Scrivenings" ScriveningsSelection="0,0">2851F009-C8C7-4677-8BA1-2F8BBE58F89B</HistoryItem>
                    <HistoryItem Type="BinderItems" ViewMode="Scrivenings" ScriveningsSelection="0,0">C2C9F647-2FF9-4758-A43C-B42AD25E0136</HistoryItem>
                    <HistoryItem Type="BinderItems" ViewMode="Scrivenings" ScriveningsSelection="0,0">3DAB7991-078E-4ADC-8F45-2FE118B4A0E4</HistoryItem>
                    <HistoryItem Type="BinderItems" ViewMode="Scrivenings" ScriveningsSelection="0,0">D7FB83E9-DFD3-482F-9D4C-D70FC1D8907D</HistoryItem>
                    <HistoryItem Type="BinderItems" ViewMode="Scrivenings" ScriveningsSelection="0,0">C2C9F647-2FF9-4758-A43C-B42AD25E0136</HistoryItem>
                    <HistoryItem Type="BinderItems" ViewMode="Single">7C38A616-79D0-4CF8-95CB-2BA958D46831</HistoryItem>
                    <HistoryItem Type="BinderItems" ViewMode="Single">724E8835-2F2A-4288-8957-EEFB1D92413A</HistoryItem>
                    <HistoryItem Type="BinderItems" ViewMode="Scrivenings" ScriveningsSelection="0,0">C2C9F647-2FF9-4758-A43C-B42AD25E0136</HistoryItem>
                    <HistoryItem Type="BinderItems" ViewMode="Scrivenings" ScriveningsSelection="0,0">F8665414-346F-4086-A526-E4BEB96BC2A6</HistoryItem>
                    <HistoryItem Type="BinderItems" ViewMode="Scrivenings" ScriveningsSelection="0,0">D7FB83E9-DFD3-482F-9D4C-D70FC1D8907D</HistoryItem>
                    <HistoryItem Type="BinderItems" ViewMode="Single">2565262A-1634-49DE-84D0-07B484DBA471</HistoryItem>
                    <HistoryItem Type="BinderItems" ViewMode="Single">00854E76-514E-48C2-8B08-F813A6660B0E</HistoryItem>
                    <HistoryItem Type="BinderItems" ViewMode="Scrivenings" ScriveningsSelection="0,0">6E3062C7-2CD2-43AA-AD46-8CBD3FD6851C</HistoryItem>
                    <HistoryItem Type="BinderItems" ViewMode="Scrivenings" ScriveningsSelection="0,0">B6550C3D-1734-45BC-B978-B195C7D450A2</HistoryItem>
                    <HistoryItem Type="BinderItems" ViewMode="Single">630A8C28-2CEC-4A97-B5F3-862847AFC1BB</HistoryItem>
                    <HistoryItem Type="BinderItems" ViewMode="Single">4C9550AC-B72B-467E-B842-1CA75743F76B</HistoryItem>
                    <HistoryItem Type="BinderItems" ViewMode="Single">DBFB87C1-A958-46D6-82FC-FC9AF20FA44B</HistoryItem>
                    <HistoryItem Type="BinderItems" ViewMode="Scrivenings" ScriveningsSelection="0,0">6E3062C7-2CD2-43AA-AD46-8CBD3FD6851C</HistoryItem>
                    <HistoryItem Type="BinderItems" ViewMode="Scrivenings" ScriveningsSelection="0,0">D7FB83E9-DFD3-482F-9D4C-D70FC1D8907D</HistoryItem>
                    <HistoryItem Type="BinderItems" ViewMode="Scrivenings" ScriveningsSelection="0,0">3DAB7991-078E-4ADC-8F45-2FE118B4A0E4</HistoryItem>
                    <HistoryItem Type="BinderItems" ViewMode="Scrivenings" ScriveningsSelection="0,0">F8665414-346F-4086-A526-E4BEB96BC2A6</HistoryItem>
                    <HistoryItem Type="BinderItems" ViewMode="Single">1EC25E43-4773-4CDD-A913-58307F7595B7</HistoryItem>
                    <HistoryItem Type="BinderItems" ViewMode="Single">DBFB87C1-A958-46D6-82FC-FC9AF20FA44B</HistoryItem>
                    <HistoryItem Type="BinderItems" ViewMode="Single">4C9550AC-B72B-467E-B842-1CA75743F76B</HistoryItem>
                    <HistoryItem Type="BinderItems" ViewMode="Single">DBFB87C1-A958-46D6-82FC-FC9AF20FA44B</HistoryItem>
                    <HistoryItem Type="BinderItems" ViewMode="Single">B1B32F21-010B-4749-9CC0-4495E0EE3ABC</HistoryItem>
                    <HistoryItem Type="BinderItems" ViewMode="Scrivenings" ScriveningsSelection="0,0">DAEEA030-90C5-4CF3-B823-BA362EA9AFD3</HistoryItem>
                    <HistoryItem Type="BinderItems" ViewMode="Single">5696F55E-0BC2-48BB-8AE9-09B66A1240EE</HistoryItem>
                    <HistoryItem Type="BinderItems" ViewMode="Single">E124E959-1AD3-4911-9206-313C6FE8100D</HistoryItem>
                    <HistoryItem Type="BinderItems" ViewMode="Scrivenings" ScriveningsSelection="0,0">0D8EA3D2-0161-4B29-8224-9FEA26E3A0A4</HistoryItem>
                    <HistoryItem Type="BinderItems" ViewMode="Single">7D32EBE7-E828-4790-AEB7-5395B79EEE42</HistoryItem>
                    <HistoryItem Type="BinderItems" ViewMode="Scrivenings" ScriveningsSelection="0,0">DAEEA030-90C5-4CF3-B823-BA362EA9AFD3</HistoryItem>
                    <HistoryItem Type="BinderItems" ViewMode="Single">B1B32F21-010B-4749-9CC0-4495E0EE3ABC</HistoryItem>
                    <HistoryItem Type="BinderItems" ViewMode="Scrivenings">DAEEA030-90C5-4CF3-B823-BA362EA9AFD3</HistoryItem>
                    <HistoryItem Type="BinderItems" ViewMode="Single">B1B32F21-010B-4749-9CC0-4495E0EE3ABC</HistoryItem>
                    <HistoryItem Type="BinderItems" ViewMode="Single">185EE090-0171-43C1-AF8F-E47D6194AD3D</HistoryItem>
                    <HistoryItem Type="BinderItems" ViewMode="Single">4640003C-7F9E-41C0-BC95-9534B95D1684</HistoryItem>
                    <HistoryItem Type="BinderItems" ViewMode="Scrivenings" ScriveningsSelection="0,0">B6550C3D-1734-45BC-B978-B195C7D450A2</HistoryItem>
                    <HistoryItem Type="BinderItems" ViewMode="Scrivenings" ScriveningsSelection="0,0">357B0AB4-3872-4E2D-93B4-CDB4A5BB5A2F</HistoryItem>
                    <HistoryItem Type="BinderItems" ViewMode="Single">D96AFA02-92B2-4992-A21B-918D1D897986</HistoryItem>
                    <HistoryItem Type="BinderItems" ViewMode="Scrivenings" ScriveningsSelection="0,0">357B0AB4-3872-4E2D-93B4-CDB4A5BB5A2F</HistoryItem>
                    <HistoryItem Type="BinderItems" ViewMode="Single">EC99E708-8AF0-4706-9F1E-433A682467CA</HistoryItem>
                    <HistoryItem Type="BinderItems" ViewMode="Single">E6789D27-9D2C-4604-A602-3DE18BF669AF</HistoryItem>
                    <HistoryItem Type="BinderItems" ViewMode="Single">D96AFA02-92B2-4992-A21B-918D1D897986</HistoryItem>
                    <HistoryItem Type="BinderItems" ViewMode="Single">E6789D27-9D2C-4604-A602-3DE18BF669AF</HistoryItem>
                    <HistoryItem Type="BinderItems" ViewMode="Single">EC99E708-8AF0-4706-9F1E-433A682467CA</HistoryItem>
                    <HistoryItem Type="BinderItems" ViewMode="Scrivenings" ScriveningsSelection="0,0">357B0AB4-3872-4E2D-93B4-CDB4A5BB5A2F</HistoryItem>
                    <HistoryItem Type="BinderItems" ViewMode="Scrivenings" ScriveningsSelection="0,0">B6550C3D-1734-45BC-B978-B195C7D450A2</HistoryItem>
                    <HistoryItem Type="BinderItems" ViewMode="Scrivenings" ScriveningsSelection="0,0">BEF1B346-515E-49D5-BAEB-19606A087348</HistoryItem>
                    <HistoryItem Type="BinderItems" ViewMode="Single">36010862-4622-4086-9FBB-2432E686BEE6</HistoryItem>
                    <HistoryItem Type="BinderItems" ViewMode="Single">5572C18C-80E0-420C-8AB5-4B2D75A5DE68</HistoryItem>
                    <HistoryItem Type="BinderItems" ViewMode="Single">36010862-4622-4086-9FBB-2432E686BEE6</HistoryItem>
                    <HistoryItem Type="BinderItems" ViewMode="Scrivenings" ScriveningsSelection="0,0">BEF1B346-515E-49D5-BAEB-19606A087348</HistoryItem>
                    <HistoryItem Type="BinderItems" ViewMode="Scrivenings" ScriveningsSelection="0,0">0D8EA3D2-0161-4B29-8224-9FEA26E3A0A4</HistoryItem>
                    <HistoryItem Type="BinderItems" ViewMode="Scrivenings" ScriveningsSelection="0,0">52F25A57-DFED-4D84-8E6B-546D242FE3C6</HistoryItem>
                    <HistoryItem Type="BinderItems" ViewMode="Single">6D5FE8F8-D156-438B-9A05-905021C55C6A</HistoryItem>
                    <HistoryItem Type="BinderItems" ViewMode="Single">D96AFA02-92B2-4992-A21B-918D1D897986</HistoryItem>
                    <HistoryItem Type="BinderItems" ViewMode="Scrivenings" ScriveningsSelection="0,0">357B0AB4-3872-4E2D-93B4-CDB4A5BB5A2F</HistoryItem>
                    <HistoryItem Type="BinderItems" ViewMode="Scrivenings" ScriveningsSelection="0,0">B6550C3D-1734-45BC-B978-B195C7D450A2</HistoryItem>
                    <HistoryItem Type="BinderItems" ViewMode="Scrivenings" ScriveningsSelection="0,0">357B0AB4-3872-4E2D-93B4-CDB4A5BB5A2F</HistoryItem>
                    <HistoryItem Type="BinderItems" ViewMode="Scrivenings" ScriveningsSelection="0,0">B6550C3D-1734-45BC-B978-B195C7D450A2</HistoryItem>
                    <HistoryItem Type="BinderItems" ViewMode="Scrivenings" ScriveningsSelection="0,0">2FFDCCCD-CD23-4EE3-AF0C-446D17B43D51</HistoryItem>
                    <HistoryItem Type="BinderItems" ViewMode="Scrivenings" ScriveningsSelection="0,0">B1B32F21-010B-4749-9CC0-4495E0EE3ABC</HistoryItem>
                    <HistoryItem Type="BinderItems" ViewMode="Single">7D32EBE7-E828-4790-AEB7-5395B79EEE42</HistoryItem>
                    <HistoryItem Type="BinderItems" ViewMode="Scrivenings">B1B32F21-010B-4749-9CC0-4495E0EE3ABC</HistoryItem>
                </NavigationHistory>
            </View>
            <Text>
                <ShowRuler>No</ShowRuler>
                <PageLayout Facing="No">No</PageLayout>
                <TypewriterScrolling>No</TypewriterScrolling>
                <LineNumbers Interval="5">No</LineNumbers>
                <Selection>0,0</Selection>
            </Text>
            <Outliner>
                <Columns>
                    <ColID>title</ColID>
                    <ColID>status</ColID>
                    <ColID>label</ColID>
                    <ColID>sectionType</ColID>
                    <ColID>characters</ColID>
                    <ColID>modifiedDate</ColID>
                    <ColID>includeInExport</ColID>
                </Columns>
                <TitlesOnly>Yes</TitlesOnly>
                <HideIcons>No</HideIcons>
                <ShowNumbers>No</ShowNumbers>
                <KeywordsAsChips>No</KeywordsAsChips>
                <FixedRowHeights>Yes</FixedRowHeights>
            </Outliner>
            <Corkboard>
                <CardsAcross>1</CardsAcross>
                <KeywordChips>5</KeywordChips>
                <SizeCardsToFit>Yes</SizeCardsToFit>
                <CardHeightRatio>0.6666</CardHeightRatio>
                <SectionsArrangement>Wrap</SectionsArrangement>
                <LabelThreadsUseColumns>No</LabelThreadsUseColumns>
            </Corkboard>
            <Copyholder PreferredOrientation="Vertical" VerticalPos="Right" HorizontalPos="Bottom">
                <Text>
                    <ShowRuler>No</ShowRuler>
                    <PageLayout Facing="No">No</PageLayout>
                    <TypewriterScrolling>No</TypewriterScrolling>
                    <LineNumbers Interval="1">No</LineNumbers>
                </Text>
            </Copyholder>
        </Editor1>
        <Editor2>
            <View>
                <ShowHeader>Yes</ShowHeader>
                <ShowFooter>Yes</ShowFooter>
                <GroupsViewMode>Scrivenings</GroupsViewMode>
                <CurrentViewMode>Single</CurrentViewMode>
                <SelectionAffects>None</SelectionAffects>
                <NavigationHistory CurrentIndex="99">
                    <HistoryItem Type="BinderItems" ViewMode="Single">D4ADAADE-DF45-42C1-8031-A3D359E95A88</HistoryItem>
                    <HistoryItem Type="BinderItems" ViewMode="Single">BD820753-389F-429F-9515-D8211976F37C</HistoryItem>
                    <HistoryItem Type="BinderItems" ViewMode="Single">F4DBF3DC-C444-47EC-97DB-17C2C045BA0B</HistoryItem>
                    <HistoryItem Type="BinderItems" ViewMode="Single">39B9BCBE-C797-41F1-B108-A5971167D978</HistoryItem>
                    <HistoryItem Type="BinderItems" ViewMode="Single">E547B1E6-2DE5-4DEA-B643-6368B074368F</HistoryItem>
                    <HistoryItem Type="BinderItems" ViewMode="Single">C4C24667-5349-4C11-8688-B6C563D00457</HistoryItem>
                    <HistoryItem Type="BinderItems" ViewMode="Single">8B46090D-269C-4A0E-843D-2B55F4C10365</HistoryItem>
                    <HistoryItem Type="BinderItems" ViewMode="Single">8BBBA2BA-F464-4B06-8C59-510448788327</HistoryItem>
                    <HistoryItem Type="BinderItems" ViewMode="Single">814B7002-93EF-47C8-9B55-091BED88DB7D</HistoryItem>
                    <HistoryItem Type="BinderItems" ViewMode="Single">FE0E09AB-C272-4794-A31C-AA8755E8AD4C</HistoryItem>
                    <HistoryItem Type="BinderItems" ViewMode="Single">C743A7FD-CBCD-47CE-B28F-36AB51837D84</HistoryItem>
                    <HistoryItem Type="BinderItems" ViewMode="Single">8B46090D-269C-4A0E-843D-2B55F4C10365</HistoryItem>
                    <HistoryItem Type="BinderItems" ViewMode="Single">F2C9D733-DCCA-48A1-978E-7AB5DA9A2566</HistoryItem>
                    <HistoryItem Type="BinderItems" ViewMode="Single">6034C2C1-1601-441F-920D-5C4AFD19ED75</HistoryItem>
                    <HistoryItem Type="BinderItems" ViewMode="Single">54D382E1-BDA5-413F-9634-B2E38E68DDA2</HistoryItem>
                    <HistoryItem Type="BinderItems" ViewMode="Single">CAC9197C-306A-4782-9A66-C36203DD5B48</HistoryItem>
                    <HistoryItem Type="BinderItems" ViewMode="Single">2100DEEF-03F7-47BD-B0FF-732A7E1F1F17</HistoryItem>
                    <HistoryItem Type="BinderItems" ViewMode="Single">1AE777CB-2531-4561-8F1C-671010BCE1BD</HistoryItem>
                    <HistoryItem Type="BinderItems" ViewMode="Single">377FF12E-DFCB-4D7D-9B13-65F77C161C44</HistoryItem>
                    <HistoryItem Type="BinderItems" ViewMode="Single">EFFEEC82-6C67-4552-8906-7251E63142F1</HistoryItem>
                    <HistoryItem Type="BinderItems" ViewMode="Single">8570A619-9E95-4865-B840-C0D937E47A7A</HistoryItem>
                    <HistoryItem Type="BinderItems" ViewMode="Single">63472BAF-8436-47F6-89EA-B77C605A8252</HistoryItem>
                    <HistoryItem Type="BinderItems" ViewMode="Single">CE92A19A-1962-4819-A63D-635722E07EDB</HistoryItem>
                    <HistoryItem Type="BinderItems" ViewMode="Single">F4DBF3DC-C444-47EC-97DB-17C2C045BA0B</HistoryItem>
                    <HistoryItem Type="BinderItems" ViewMode="Single">C4DC9810-85E8-4A69-B4E2-AB515FFCACC4</HistoryItem>
                    <HistoryItem Type="BinderItems" ViewMode="Single">D4ADAADE-DF45-42C1-8031-A3D359E95A88</HistoryItem>
                    <HistoryItem Type="BinderItems" ViewMode="Single">7214F14A-185B-4FFD-AADA-8CCC24393A87</HistoryItem>
                    <HistoryItem Type="BinderItems" ViewMode="Single">E547B1E6-2DE5-4DEA-B643-6368B074368F</HistoryItem>
                    <HistoryItem Type="BinderItems" ViewMode="Single">E3D7794B-1761-4A70-AEAD-B7C702F57F69</HistoryItem>
                    <HistoryItem Type="BinderItems" ViewMode="Single">4526ED86-0686-4E87-BB63-D53C59766342</HistoryItem>
                    <HistoryItem Type="BinderItems" ViewMode="Scrivenings" ScriveningsSelection="0,0">1AEA5738-519B-40CC-8918-593A84777692</HistoryItem>
                    <HistoryItem Type="BinderItems" ViewMode="Outliner">01AD5D8E-FE4D-4B24-84B5-D1219BBE78B9</HistoryItem>
                    <HistoryItem Type="BinderItems" ViewMode="Outliner">1AEA5738-519B-40CC-8918-593A84777692</HistoryItem>
                    <HistoryItem Type="BinderItems" ViewMode="Outliner">3070B26E-9F51-42EF-BA3B-2F78F7C9B020</HistoryItem>
                    <HistoryItem Type="BinderItems" ViewMode="Scrivenings" ScriveningsSelection="0,0">1AEA5738-519B-40CC-8918-593A84777692</HistoryItem>
                    <HistoryItem Type="BinderItems" ViewMode="Scrivenings" ScriveningsSelection="0,0">6C41999D-FEFF-4BDD-80DC-10B9BFB22783</HistoryItem>
                    <HistoryItem Type="BinderItems" ViewMode="Scrivenings" ScriveningsSelection="0,0">C34A4F46-03D4-463E-97C3-336E1883F405</HistoryItem>
                    <HistoryItem Type="BinderItems" ViewMode="Single">01AD5D8E-FE4D-4B24-84B5-D1219BBE78B9</HistoryItem>
                    <HistoryItem Type="BinderItems" ViewMode="Outliner">9F2BB147-F146-4D4D-8B9D-4A51039B3B21</HistoryItem>
                    <HistoryItem Type="BinderItems" ViewMode="Single">4526ED86-0686-4E87-BB63-D53C59766342</HistoryItem>
                    <HistoryItem Type="BinderItems" ViewMode="Single">C34A4F46-03D4-463E-97C3-336E1883F405</HistoryItem>
                    <HistoryItem Type="BinderItems" ViewMode="Scrivenings" ScriveningsSelection="0,0">9F2BB147-F146-4D4D-8B9D-4A51039B3B21</HistoryItem>
                    <HistoryItem Type="BinderItems" ViewMode="Single">4526ED86-0686-4E87-BB63-D53C59766342</HistoryItem>
                    <HistoryItem Type="BinderItems" ViewMode="Single">E9342B54-3F69-40BE-B8F1-B27CDB26F365</HistoryItem>
                    <HistoryItem Type="BinderItems" ViewMode="Single">01AD5D8E-FE4D-4B24-84B5-D1219BBE78B9</HistoryItem>
                    <HistoryItem Type="BinderItems" ViewMode="Single">E9342B54-3F69-40BE-B8F1-B27CDB26F365</HistoryItem>
                    <HistoryItem Type="BinderItems" ViewMode="Single">EFFEEC82-6C67-4552-8906-7251E63142F1</HistoryItem>
                    <HistoryItem Type="BinderItems" ViewMode="Single">63472BAF-8436-47F6-89EA-B77C605A8252</HistoryItem>
                    <HistoryItem Type="BinderItems" ViewMode="Single">F4DBF3DC-C444-47EC-97DB-17C2C045BA0B</HistoryItem>
                    <HistoryItem Type="BinderItems" ViewMode="Single">D4ADAADE-DF45-42C1-8031-A3D359E95A88</HistoryItem>
                    <HistoryItem Type="BinderItems" ViewMode="Single">E547B1E6-2DE5-4DEA-B643-6368B074368F</HistoryItem>
                    <HistoryItem Type="BinderItems" ViewMode="Single">D654FCF3-D555-4F7F-A801-B516D0D6A76A</HistoryItem>
                    <HistoryItem Type="BinderItems" ViewMode="Single">D4ADAADE-DF45-42C1-8031-A3D359E95A88</HistoryItem>
                    <HistoryItem Type="BinderItems" ViewMode="Single">F4DBF3DC-C444-47EC-97DB-17C2C045BA0B</HistoryItem>
                    <HistoryItem Type="BinderItems" ViewMode="Single">D4ADAADE-DF45-42C1-8031-A3D359E95A88</HistoryItem>
                    <HistoryItem Type="BinderItems" ViewMode="Single">6D5FE8F8-D156-438B-9A05-905021C55C6A</HistoryItem>
                    <HistoryItem Type="BinderItems" ViewMode="Scrivenings" ScriveningsSelection="0,0">9D32A05A-EAD8-47BC-B2CD-1E7C5DF4EFD5</HistoryItem>
                    <HistoryItem Type="BinderItems" ViewMode="Single">5696F55E-0BC2-48BB-8AE9-09B66A1240EE</HistoryItem>
                    <HistoryItem Type="BinderItems" ViewMode="Scrivenings" ScriveningsSelection="0,0">9F2BB147-F146-4D4D-8B9D-4A51039B3B21</HistoryItem>
                    <HistoryItem Type="BinderItems" ViewMode="Outliner">4B9251A8-E3B9-4AE8-B35F-318D7505303E</HistoryItem>
                    <HistoryItem Type="BinderItems" ViewMode="Outliner">9F2BB147-F146-4D4D-8B9D-4A51039B3B21</HistoryItem>
                    <HistoryItem Type="BinderItems" ViewMode="Outliner">94EFD213-99C2-4B40-ADB6-D4447D2FC2D5</HistoryItem>
                    <HistoryItem Type="BinderItems" ViewMode="Scrivenings" ScriveningsSelection="0,0">9D32A05A-EAD8-47BC-B2CD-1E7C5DF4EFD5</HistoryItem>
                    <HistoryItem Type="BinderItems" ViewMode="Scrivenings" ScriveningsSelection="0,0">6C41999D-FEFF-4BDD-80DC-10B9BFB22783,C34A4F46-03D4-463E-97C3-336E1883F405</HistoryItem>
                    <HistoryItem Type="BinderItems" ViewMode="Outliner">4B9251A8-E3B9-4AE8-B35F-318D7505303E</HistoryItem>
                    <HistoryItem Type="BinderItems" ViewMode="Outliner">6C41999D-FEFF-4BDD-80DC-10B9BFB22783,C34A4F46-03D4-463E-97C3-336E1883F405</HistoryItem>
                    <HistoryItem Type="BinderItems" ViewMode="Outliner">4B9251A8-E3B9-4AE8-B35F-318D7505303E</HistoryItem>
                    <HistoryItem Type="BinderItems" ViewMode="Outliner">C34A4F46-03D4-463E-97C3-336E1883F405</HistoryItem>
                    <HistoryItem Type="BinderItems" ViewMode="Outliner">6C41999D-FEFF-4BDD-80DC-10B9BFB22783</HistoryItem>
                    <HistoryItem Type="BinderItems" ViewMode="Outliner">4B9251A8-E3B9-4AE8-B35F-318D7505303E</HistoryItem>
                    <HistoryItem Type="BinderItems" ViewMode="Outliner">6C41999D-FEFF-4BDD-80DC-10B9BFB22783</HistoryItem>
                    <HistoryItem Type="BinderItems" ViewMode="Outliner">C34A4F46-03D4-463E-97C3-336E1883F405</HistoryItem>
                    <HistoryItem Type="BinderItems" ViewMode="Outliner">9F2BB147-F146-4D4D-8B9D-4A51039B3B21</HistoryItem>
                    <HistoryItem Type="BinderItems" ViewMode="Outliner">E5274870-CB49-493A-AA10-9A6CBE777CF9</HistoryItem>
                    <HistoryItem Type="BinderItems" ViewMode="Outliner">348C974C-A9D3-4CB2-AF42-A948EB7500CF</HistoryItem>
                    <HistoryItem Type="BinderItems" ViewMode="Scrivenings" ScriveningsSelection="0,0">9D32A05A-EAD8-47BC-B2CD-1E7C5DF4EFD5</HistoryItem>
                    <HistoryItem Type="BinderItems" ViewMode="Scrivenings" ScriveningsSelection="0,0">185EE090-0171-43C1-AF8F-E47D6194AD3D</HistoryItem>
                    <HistoryItem Type="BinderItems" ViewMode="Scrivenings" ScriveningsSelection="0,0">9D32A05A-EAD8-47BC-B2CD-1E7C5DF4EFD5</HistoryItem>
                    <HistoryItem Type="BinderItems" ViewMode="Single">6D5FE8F8-D156-438B-9A05-905021C55C6A</HistoryItem>
                    <HistoryItem Type="BinderItems" ViewMode="Scrivenings" ScriveningsSelection="0,0">9D32A05A-EAD8-47BC-B2CD-1E7C5DF4EFD5</HistoryItem>
                    <HistoryItem Type="BinderItems" ViewMode="Single">7D32EBE7-E828-4790-AEB7-5395B79EEE42</HistoryItem>
                    <HistoryItem Type="BinderItems" ViewMode="Single">185EE090-0171-43C1-AF8F-E47D6194AD3D</HistoryItem>
                    <HistoryItem Type="BinderItems" ViewMode="Single">7D32EBE7-E828-4790-AEB7-5395B79EEE42</HistoryItem>
                    <HistoryItem Type="BinderItems" ViewMode="Single">F59D4BB3-2F47-4FF7-8B38-B165E0FFD754</HistoryItem>
                    <HistoryItem Type="BinderItems" ViewMode="Single">E5E80D75-DD6F-48CA-8A8F-898AD4D3A856</HistoryItem>
                    <HistoryItem Type="BinderItems" ViewMode="Single">C2B7CD89-AB5C-42DC-B877-91BB443E413C</HistoryItem>
                    <HistoryItem Type="BinderItems" ViewMode="Single">E5E80D75-DD6F-48CA-8A8F-898AD4D3A856</HistoryItem>
                    <HistoryItem Type="BinderItems" ViewMode="Single">F59D4BB3-2F47-4FF7-8B38-B165E0FFD754</HistoryItem>
                    <HistoryItem Type="BinderItems" ViewMode="Single">94EFD213-99C2-4B40-ADB6-D4447D2FC2D5</HistoryItem>
                    <HistoryItem Type="BinderItems" ViewMode="Single">F59D4BB3-2F47-4FF7-8B38-B165E0FFD754</HistoryItem>
                    <HistoryItem Type="BinderItems" ViewMode="Single">94EFD213-99C2-4B40-ADB6-D4447D2FC2D5</HistoryItem>
                    <HistoryItem Type="BinderItems" ViewMode="Single">79A0D2BA-0AB9-4E2C-9F59-BC78AA99F51D</HistoryItem>
                    <HistoryItem Type="BinderItems" ViewMode="Scrivenings" ScriveningsSelection="0,0">9D32A05A-EAD8-47BC-B2CD-1E7C5DF4EFD5</HistoryItem>
                    <HistoryItem Type="BinderItems" ViewMode="Scrivenings" ScriveningsSelection="0,0">D04A29F1-8103-4E3F-9781-698D9B1F60B2</HistoryItem>
                    <HistoryItem Type="BinderItems" ViewMode="Outliner">9D32A05A-EAD8-47BC-B2CD-1E7C5DF4EFD5</HistoryItem>
                    <HistoryItem Type="BinderItems" ViewMode="Outliner">C2B7CD89-AB5C-42DC-B877-91BB443E413C</HistoryItem>
                    <HistoryItem Type="BinderItems" ViewMode="Outliner">79A0D2BA-0AB9-4E2C-9F59-BC78AA99F51D</HistoryItem>
                    <HistoryItem Type="BinderItems" ViewMode="Outliner">C2B7CD89-AB5C-42DC-B877-91BB443E413C</HistoryItem>
                    <HistoryItem Type="BinderItems" ViewMode="Scrivenings" ScriveningsSelection="0,0">9D32A05A-EAD8-47BC-B2CD-1E7C5DF4EFD5</HistoryItem>
                    <HistoryItem Type="BinderItems" ViewMode="Outliner">5572C18C-80E0-420C-8AB5-4B2D75A5DE68</HistoryItem>
                </NavigationHistory>
            </View>
            <Text>
                <ShowRuler>No</ShowRuler>
                <PageLayout Facing="No">No</PageLayout>
                <TypewriterScrolling>No</TypewriterScrolling>
                <LineNumbers Interval="1">No</LineNumbers>
                <Selection>0,0</Selection>
            </Text>
            <Outliner>
                <Columns>
                    <ColID>title</ColID>
                </Columns>
                <ExpandedItems>
                    <ItemID>A3CB72EA-BF23-49B2-A4AD-B5F3F8210D1F</ItemID>
                    <ItemID>F158BC89-F6A6-428D-8F56-990FDF973C45</ItemID>
                    <ItemID>04497A9A-7374-489B-8E83-4A0CB4A5BE91</ItemID>
                    <ItemID>855E87E6-807C-464E-8D03-9C7C83608836</ItemID>
                    <ItemID>ADDED130-32E9-4A45-9510-CECC0FDDAA1A</ItemID>
                    <ItemID>B659C658-EF8E-4071-A8A0-0BB5E01412FA</ItemID>
                    <ItemID>1450F7FA-7FE7-4B7D-AA9E-52EF622DA68D</ItemID>
                    <ItemID>62EA13BF-F4AA-495E-9654-F9D353AE4880</ItemID>
                    <ItemID>BEFA6EF1-FE0D-42E3-BE1B-BC426E414995</ItemID>
                    <ItemID>CE8E2B90-4C83-4D4A-9AD3-DC2424A12087</ItemID>
                    <ItemID>21DBB92D-6B96-475E-B744-AD57CA7F1EF6</ItemID>
                    <ItemID>9F2BB147-F146-4D4D-8B9D-4A51039B3B21</ItemID>
                    <ItemID>C34A4F46-03D4-463E-97C3-336E1883F405</ItemID>
                </ExpandedItems>
                <TitlesOnly>Yes</TitlesOnly>
                <HideIcons>No</HideIcons>
                <ShowNumbers>No</ShowNumbers>
                <KeywordsAsChips>Yes</KeywordsAsChips>
                <FixedRowHeights>No</FixedRowHeights>
            </Outliner>
            <Corkboard>
                <CardsAcross>1</CardsAcross>
                <KeywordChips>5</KeywordChips>
                <SizeCardsToFit>Yes</SizeCardsToFit>
                <CardHeightRatio>0.6666</CardHeightRatio>
                <SectionsArrangement>Wrap</SectionsArrangement>
                <LabelThreadsUseColumns>No</LabelThreadsUseColumns>
            </Corkboard>
            <Copyholder PreferredOrientation="Vertical" VerticalPos="Right" HorizontalPos="Bottom">
                <Text>
                    <ShowRuler>No</ShowRuler>
                    <PageLayout Facing="No">No</PageLayout>
                    <TypewriterScrolling>No</TypewriterScrolling>
                    <LineNumbers Interval="1">No</LineNumbers>
                </Text>
            </Copyholder>
        </Editor2>
    </Editors>
</UIStates>