<?xml version="1.0" encoding="UTF-8"?>
<Snapshots Version="1.0">
    <Snapshot>
        <Title>Untitled (Save)</Title>
        <Date>2022-09-26 16:34:50 -0300</Date>
        <StyleIDs>D7AD9701-CCA5-49D1-A178-D096CF3D098A</StyleIDs>
    </Snapshot>
    <Snapshot>
        <Title>Untitled (Save)</Title>
        <Date>2022-10-15 03:40:12 -0300</Date>
        <StyleIDs>D7AD9701-CCA5-49D1-A178-D096CF3D098A,D97C52C7-5341-4EAA-BFBD-FA588A54D726,046A3939-77BF-4B65-91E6-2F659E650F18,7DA90E13-17C6-4E68-A274-78EB284DFD11,3ECA75C5-3391-4E19-90B7-31B4F78B567E,E156C22C-1EF4-47AD-B143-FDA83066DC4D</StyleIDs>
    </Snapshot>
    <Snapshot>
        <Title>Untitled (Save)</Title>
        <Date>2022-10-15 15:19:50 -0300</Date>
        <StyleIDs>D7AD9701-CCA5-49D1-A178-D096CF3D098A,D97C52C7-5341-4EAA-BFBD-FA588A54D726,046A3939-77BF-4B65-91E6-2F659E650F18,7DA90E13-17C6-4E68-A274-78EB284DFD11,3ECA75C5-3391-4E19-90B7-31B4F78B567E,E156C22C-1EF4-47AD-B143-FDA83066DC4D</StyleIDs>
    </Snapshot>
</Snapshots>