<?xml version="1.0" encoding="UTF-8"?>
<Snapshots Version="1.0">
    <Snapshot>
        <Title>Untitled (Save)</Title>
        <Date>2023-06-16 16:12:35 -0300</Date>
        <StyleIDs>03CF0FB0-9A3B-45B6-8F17-30491493992E,FC5EFA20-2F76-4F4F-A589-276F497775B9</StyleIDs>
    </Snapshot>
    <Snapshot>
        <Title>Untitled (Save)</Title>
        <Date>2023-06-16 16:36:10 -0300</Date>
        <StyleIDs>03CF0FB0-9A3B-45B6-8F17-30491493992E,FC5EFA20-2F76-4F4F-A589-276F497775B9</StyleIDs>
    </Snapshot>
</Snapshots>