<?xml version="1.0" encoding="UTF-8"?>
<Snapshots Version="1.0">
    <Snapshot>
        <Title>Untitled (Save)</Title>
        <Date>2023-06-11 21:50:38 -0300</Date>
    </Snapshot>
    <Snapshot>
        <Title>Untitled (Save)</Title>
        <Date>2023-06-11 22:10:32 -0300</Date>
        <StyleIDs>9E4C3A4B-F970-46EA-B5C6-A00CCA28A57F</StyleIDs>
    </Snapshot>
    <Snapshot>
        <Title>Untitled (Save)</Title>
        <Date>2023-06-11 23:12:08 -0300</Date>
        <StyleIDs>9E4C3A4B-F970-46EA-B5C6-A00CCA28A57F</StyleIDs>
    </Snapshot>
</Snapshots>