<?xml version="1.0" encoding="UTF-8"?>
<Snapshots Version="1.0">
    <Snapshot>
        <Title>Markdown Grid Table</Title>
        <Date>2023-08-12 21:46:37 -0300</Date>
        <StyleIDs>1D61A071-0914-4B6A-A802-D1D8708DEF8B</StyleIDs>
    </Snapshot>
    <Snapshot>
        <Title>Scrivener Native Table</Title>
        <Date>2023-08-12 21:46:06 -0300</Date>
        <StyleIDs>5D57CCB7-3104-4601-9E42-E77D0E0B01E0,D7AD9701-CCA5-49D1-A178-D096CF3D098A,093DCA3B-1879-467E-B93D-06230E245734,046A3939-77BF-4B65-91E6-2F659E650F18</StyleIDs>
    </Snapshot>
    <Snapshot>
        <Title>Layout NRow</Title>
        <Date>2023-08-12 21:45:29 -0300</Date>
        <StyleIDs>1D61A071-0914-4B6A-A802-D1D8708DEF8B</StyleIDs>
    </Snapshot>
</Snapshots>