<?xml version="1.0" encoding="UTF-8"?>
<Styles>
    <Style Name="Heading 1" ID="22F37DEE-20D2-4C26-AD35-67CA0FC19ECB" Type="Para+Char" FontChange="Face+Size">
        <Format><![CDATA[{\rtf1\ansi\ansicpg1252\cocoartf2709
\cocoatextscaling0\cocoaplatform0{\fonttbl\f0\fswiss\fcharset0 Helvetica;\f1\fnil\fcharset0 GentiumPlus;}
{\colortbl;\red255\green255\blue255;}
{\*\expandedcolortbl;;}
\pard\tx560\tx1120\tx1680\tx2240\tx2800\tx3360\tx3920\tx4480\tx5040\tx5600\tx6160\tx6720\sl336\slmult1\sb280\pardirnatural\partightenfactor0

\f0\fs24 \cf0 <$Scr_H::1>
\f1\b\fs48 Attributes
\f0\b0\fs24 <!$Scr_H::1>}]]></Format>
    </Style>
    <Style Name="Heading 2" ID="7A8832F3-BD38-4589-B816-885DFF8F92EC" Type="Para+Char" FontChange="Face+Size" Shortcut="3">
        <Format><![CDATA[{\rtf1\ansi\ansicpg1252\cocoartf2709
\cocoatextscaling0\cocoaplatform0{\fonttbl\f0\fswiss\fcharset0 Helvetica;\f1\fnil\fcharset0 GentiumPlus;}
{\colortbl;\red255\green255\blue255;}
{\*\expandedcolortbl;;}
\pard\tx560\tx1120\tx1680\tx2240\tx2800\tx3360\tx3920\tx4480\tx5040\tx5600\tx6160\tx6720\sl336\slmult1\sb280\pardirnatural\partightenfactor0

\f0\fs24 \cf0 <$Scr_H::2>
\f1\i\b\fs36 Attributes
\f0\i0\b0\fs24 <!$Scr_H::2>}]]></Format>
    </Style>
    <Style Name="Block Quote" ID="9E1D6F63-C16B-40F9-9B02-8F049D09669E" Type="Para" FontChange="Face+Size" Next="9E1D6F63-C16B-40F9-9B02-8F049D09669E" Shortcut="2">
        <Format><![CDATA[{\rtf1\ansi\ansicpg1252\cocoartf2709
\cocoatextscaling0\cocoaplatform0{\fonttbl\f0\fnil\fcharset0 GentiumPlus;}
{\colortbl;\red255\green255\blue255;}
{\*\expandedcolortbl;;}
\pard\tx720\tx1080\tx1440\li2267\sl264\slmult1\sb100\sa100\pardirnatural\partightenfactor0

\f0\fs20 \cf0 Attributes}]]></Format>
    </Style>
    <Style Name="Code Block" ID="D0DF0F61-0D85-4E4D-8F81-600FA632EB5D" Type="Para+Char" FontChange="Face+Size" Next="D0DF0F61-0D85-4E4D-8F81-600FA632EB5D">
        <Format><![CDATA[{\rtf1\ansi\ansicpg1252\cocoartf2709
\cocoatextscaling0\cocoaplatform0{\fonttbl\f0\fnil\fcharset0 FiraMono-Regular;}
{\colortbl;\red255\green255\blue255;}
{\*\expandedcolortbl;;}
\pard\tx720\tx1080\tx1440\tx1800\tx2160\li720\pardirnatural\partightenfactor0

\f0\fs20 \cf0 Attributes}]]></Format>
    </Style>
    <Style Name="Code Span" ID="C46EA6A2-DF36-407B-B850-318F9E4D7118" Type="Char" FontChange="Face+Size" Box="0.930666 0.931998 0.974671" Next="D328C77B-E18A-4606-8CCE-9668FDFDBBCA" Shortcut="6">
        <Format><![CDATA[{\rtf1\ansi\ansicpg1252\cocoartf2709
\cocoatextscaling0\cocoaplatform0{\fonttbl\f0\fnil\fcharset0 CodeNewRoman;}
{\colortbl;\red255\green255\blue255;}
{\*\expandedcolortbl;;}
\deftab720
\pard\tx560\tx1120\tx1680\tx2240\tx2800\tx3360\tx3920\tx4480\tx5040\tx5600\tx6160\tx6720\pardeftab720\fi708\sl288\slmult1\sa120\pardirnatural\qj\partightenfactor0

\f0\fs20 \cf0 Attributes}]]></Format>
    </Style>
    <Style Name="Caption" ID="9E4C3A4B-F970-46EA-B5C6-A00CCA28A57F" Type="Para+Char" FontChange="Face+Size" Box="0.992879 0.945343 0.556099">
        <Format><![CDATA[{\rtf1\ansi\ansicpg1252\cocoartf2709
\cocoatextscaling0\cocoaplatform0{\fonttbl\f0\fnil\fcharset0 GentiumPlus;}
{\colortbl;\red255\green255\blue255;}
{\*\expandedcolortbl;;}
\deftab720
\pard\tx560\tx1120\tx1680\tx2240\tx2800\tx3360\tx3920\tx4480\tx5040\tx5600\tx6160\tx6720\pardeftab720\sl264\slmult1\sa180\pardirnatural\partightenfactor0

\f0\fs20 \cf0 \AppleTypeServicesU1 Attributes}]]></Format>
    </Style>
    <Style Name="Emphasis" ID="D97C52C7-5341-4EAA-BFBD-FA588A54D726" Type="Char" Box="0.9 0.9 0.99982">
        <Format><![CDATA[{\rtf1\ansi\ansicpg1252\cocoartf2709
\cocoatextscaling0\cocoaplatform0{\fonttbl\f0\fnil\fcharset0 SourceSans3Italic-Light;}
{\colortbl;\red255\green255\blue255;}
{\*\expandedcolortbl;;}
\deftab720
\pard\tx560\tx1120\tx1680\tx2240\tx2800\tx3360\tx3920\tx4480\tx5040\tx5600\tx6160\tx6720\pardeftab720\sl264\slmult1\sa120\pardirnatural\qj\partightenfactor0

\f0\i\fs24 \cf0 Attributes}]]></Format>
    </Style>
    <Style Name="Strong" ID="046A3939-77BF-4B65-91E6-2F659E650F18" Type="Char" Box="0.9 0.9 0.99982">
        <Format><![CDATA[{\rtf1\ansi\ansicpg1252\cocoartf2709
\cocoatextscaling0\cocoaplatform0{\fonttbl\f0\fnil\fcharset0 SourceSans3Roman-SemiBold;}
{\colortbl;\red255\green255\blue255;}
{\*\expandedcolortbl;;}
\pard\tx560\tx1120\tx1680\tx2240\tx2800\tx3360\tx3920\tx4480\tx5040\tx5600\tx6160\tx6720\sl264\slmult1\sa120\pardirnatural\qj\partightenfactor0

\f0\b\fs24 \cf0 Attributes}]]></Format>
    </Style>
    <Style Name="List" ID="7CE3C446-08C4-49EE-AF9F-895FEF69C2C9" Type="Para+Char" FontChange="Face+Size" Next="7CE3C446-08C4-49EE-AF9F-895FEF69C2C9">
        <Format><![CDATA[{\rtf1\ansi\ansicpg1252\cocoartf2709
\cocoatextscaling0\cocoaplatform0{\fonttbl\f0\fnil\fcharset0 AlegreyaSans-Regular;}
{\colortbl;\red255\green255\blue255;}
{\*\expandedcolortbl;;}
\deftab566
\pard\tx566\tx1133\tx1700\tx2267\tx2834\tx3401\tx3968\tx4535\tx5102\tx5669\pardeftab566\fi1416\sl312\slmult1\pardirnatural\qj\partightenfactor0

\f0\fs22 \cf0 \AppleTypeServicesU1 Attributes}]]></Format>
    </Style>
    <Style Name="Superscript" ID="4C91AC97-5C93-4338-A0C8-9BD8C59EA787" Type="Char" Next="436ABDF1-390E-40C7-9E2F-69F76D5E8171">
        <Format><![CDATA[{\rtf1\ansi\ansicpg1252\cocoartf2709
\cocoatextscaling0\cocoaplatform0{\fonttbl\f0\fnil\fcharset0 GentiumPlus;}
{\colortbl;\red255\green255\blue255;}
{\*\expandedcolortbl;;}
\pard\tx0\tx0\tx567\tx1134\tx1701\sl288\slmult1\pardirnatural\qj\partightenfactor0

\f0\fs16 \cf0 \super Attributes}]]></Format>
    </Style>
    <Style Name="Subscript" ID="9C2701C6-9523-4A50-AF4B-3C72B89091D1" Type="Char" Next="436ABDF1-390E-40C7-9E2F-69F76D5E8171">
        <Format><![CDATA[{\rtf1\ansi\ansicpg1252\cocoartf2709
\cocoatextscaling0\cocoaplatform0{\fonttbl\f0\fnil\fcharset0 GentiumPlus;}
{\colortbl;\red255\green255\blue255;}
{\*\expandedcolortbl;;}
\pard\tx0\tx0\tx567\tx1134\tx1701\sl288\slmult1\pardirnatural\qj\partightenfactor0

\f0\fs16 \cf0 \sub Attributes}]]></Format>
    </Style>
    <Style Name="Strong Emphasis" ID="E156C22C-1EF4-47AD-B143-FDA83066DC4D" Type="Char" Next="436ABDF1-390E-40C7-9E2F-69F76D5E8171">
        <Format><![CDATA[{\rtf1\ansi\ansicpg1252\cocoartf2709
\cocoatextscaling0\cocoaplatform0{\fonttbl\f0\fnil\fcharset0 GentiumPlus;}
{\colortbl;\red255\green255\blue255;}
{\*\expandedcolortbl;;}
\pard\tx0\tx0\tx567\tx1134\tx1701\sl288\slmult1\pardirnatural\qj\partightenfactor0

\f0\i\b\fs24 \cf0 Attributes}]]></Format>
    </Style>
    <Style Name="Heading 3" ID="7EC8D205-57BD-4F56-A9B0-A27D73F999D4" Type="Para+Char" FontChange="Face+Size">
        <Format><![CDATA[{\rtf1\ansi\ansicpg1252\cocoartf2709
\cocoatextscaling0\cocoaplatform0{\fonttbl\f0\fswiss\fcharset0 Helvetica;\f1\fnil\fcharset0 GentiumPlus;}
{\colortbl;\red255\green255\blue255;}
{\*\expandedcolortbl;;}
\pard\tx560\tx1120\tx1680\tx2240\tx2800\tx3360\tx3920\tx4480\tx5040\tx5600\tx6160\tx6720\sl288\slmult1\sb280\pardirnatural\partightenfactor0

\f0\fs24 \cf0 <$Scr_H::2>
\f1\b\fs36 Attributes
\f0\b0\fs24 <!$Scr_H::2>}]]></Format>
    </Style>
    <Style Name="Maths Block" ID="DBA3069C-D764-42B9-A11D-0B280785674A" Type="Para+Char" FontChange="Face+Size" Box="0.96044 0.909101 0.999798">
        <Format><![CDATA[{\rtf1\ansi\ansicpg1252\cocoartf2709
\cocoatextscaling0\cocoaplatform0{\fonttbl\f0\fnil\fcharset0 FiraCode-Regular;}
{\colortbl;\red255\green255\blue255;}
{\*\expandedcolortbl;;}
\deftab720
\pard\tx720\tx1440\tx2160\tx2880\tx3600\tx4320\tx5040\tx5760\tx6480\tx7200\tx7920\tx8640\tx9360\tx10080\tx10800\tx11520\pardeftab720\pardirnatural\partightenfactor0

\f0\fs20 \cf0 Attributes}]]></Format>
    </Style>
    <Style Name="Maths Inline" ID="6D8F17B8-DC37-4428-83D1-0E3E30417712" Type="Char" FontChange="Face+Size" Box="0.943166 0.888294 0.99975" Next="D328C77B-E18A-4606-8CCE-9668FDFDBBCA">
        <Format><![CDATA[{\rtf1\ansi\ansicpg1252\cocoartf2709
\cocoatextscaling0\cocoaplatform0{\fonttbl\f0\fnil\fcharset0 CodeNewRoman;}
{\colortbl;\red255\green255\blue255;}
{\*\expandedcolortbl;;}
\pard\tx566\tx1133\tx1700\tx2267\li2267\sl312\slmult1\pardirnatural\qr\partightenfactor0

\f0\fs20 \cf0 Attributes}]]></Format>
    </Style>
    <Style Name="Raw LaTeX" ID="B8DB0FA9-A42B-4291-A6AB-7BBD2B771B4F" Type="Para+Char" FontChange="Face+Size" Box="0.898239 0.843665 1.0">
        <Format><![CDATA[{\rtf1\ansi\ansicpg1252\cocoartf2709
\cocoatextscaling0\cocoaplatform0{\fonttbl\f0\fnil\fcharset0 FiraCode-Regular;}
{\colortbl;\red255\green255\blue255;}
{\*\expandedcolortbl;;}
\pard\tx566\tx1133\tx1700\tx2267\tx2834\tx3401\tx3968\tx4535\partightenfactor0

\f0\fs20 \cf0 \AppleTypeServicesU1 Attributes}]]></Format>
    </Style>
    <Style Name="Raw HTML" ID="D85A478F-BF57-4A10-9CB9-5CF149D2D721" Type="Para+Char" FontChange="Face+Size" Box="0.965897 0.995131 0.940803">
        <Format><![CDATA[{\rtf1\ansi\ansicpg1252\cocoartf2709
\cocoatextscaling0\cocoaplatform0{\fonttbl\f0\fnil\fcharset0 FiraCode-Regular;}
{\colortbl;\red255\green255\blue255;}
{\*\expandedcolortbl;;}
\pard\tx566\tx1133\tx1700\tx2267\tx2834\tx3401\tx3968\tx4535\partightenfactor0

\f0\fs20 \cf0 \AppleTypeServicesU1 Attributes}]]></Format>
    </Style>
    <Style Name="Small Caps" ID="7DA90E13-17C6-4E68-A274-78EB284DFD11" Type="Char" FontChange="Size">
        <Format><![CDATA[{\rtf1\ansi\ansicpg1252\cocoartf2709
\cocoatextscaling0\cocoaplatform0{\fonttbl\f0\fnil\fcharset0 SourceSansPro-Regular;}
{\colortbl;\red255\green255\blue255;}
{\*\expandedcolortbl;;}
\pard\tx0\tx0\tx567\tx1134\tx1701\sl312\slmult1\pardirnatural\qj\partightenfactor0

\f0\fs24 \AppleTypeServices\AppleTypeServicesF2424833 \cf0 Attributes}]]></Format>
    </Style>
    <Style Name="Meta-data" ID="9225CECF-3CB7-446C-B50A-EE1E25F629FC" Type="Para+Char" FontChange="Face+Size" Box="0.063676 0.186748 0.281331" Next="9225CECF-3CB7-446C-B50A-EE1E25F629FC">
        <Format><![CDATA[{\rtf1\ansi\ansicpg1252\cocoartf2709
\cocoatextscaling0\cocoaplatform0{\fonttbl\f0\fnil\fcharset0 FiraCode-Regular;}
{\colortbl;\red255\green255\blue255;\red0\green255\blue255;}
{\*\expandedcolortbl;;\csgenericrgb\c0\c100000\c100000;}
\deftab720
\pard\pardeftab720\partightenfactor0

\f0\fs20 \cf2 \expnd0\expndtw0\kerning0
Attributes}]]></Format>
    </Style>
    <Style Name="Ruby Code" ID="5965A856-9B22-4899-8310-43FEED791A93" Type="Para+Char" FontChange="Face+Size" Box="0.995304 0.927452 0.930253" Next="5965A856-9B22-4899-8310-43FEED791A93">
        <Format><![CDATA[{\rtf1\ansi\ansicpg1252\cocoartf2709
\cocoatextscaling0\cocoaplatform0{\fonttbl\f0\fnil\fcharset0 FiraMono-Medium;}
{\colortbl;\red255\green255\blue255;\red212\green0\blue5;}
{\*\expandedcolortbl;;\cssrgb\c87430\c0\c0;}
\deftab720
\pard\pardeftab720\partightenfactor0

\f0\fs20 \cf2 \expnd0\expndtw0\kerning0
Attributes}]]></Format>
    </Style>
    <Style Name="Underline" ID="3ECA75C5-3391-4E19-90B7-31B4F78B567E" Type="Char" Box="0.9 0.9 0.99982">
        <Format><![CDATA[{\rtf1\ansi\ansicpg1252\cocoartf2709
\cocoatextscaling0\cocoaplatform0{\fonttbl\f0\fnil\fcharset0 SourceSans3Roman-Light;}
{\colortbl;\red255\green255\blue255;}
{\*\expandedcolortbl;;}
\pard\tx560\tx1120\tx1680\tx2240\tx2800\tx3360\tx3920\tx4480\tx5040\tx5600\tx6160\tx6720\sl264\slmult1\sa120\pardirnatural\qj\partightenfactor0

\f0\fs24 \cf0 \ul \ulc0 Attributes}]]></Format>
    </Style>
    <Style Name="Dot Block" ID="03CF0FB0-9A3B-45B6-8F17-30491493992E" Type="Para" FontChange="Face+Size" Box="0.902726 0.902726 0.902726" Next="03CF0FB0-9A3B-45B6-8F17-30491493992E">
        <Format><![CDATA[{\rtf1\ansi\ansicpg1252\cocoartf2709
\cocoatextscaling0\cocoaplatform0{\fonttbl\f0\fnil\fcharset0 CodeNewRoman;}
{\colortbl;\red255\green255\blue255;}
{\*\expandedcolortbl;;}
\pard\tx0\tx0\tx567\tx1134\tx1701\sl288\slmult1\pardirnatural\qj\partightenfactor0

\f0\fs20 \cf0 Attributes}]]></Format>
    </Style>
    <Style Name="Mermaid Block" ID="89FF8C0B-F83C-47CC-8B76-D0A341FA7194" Type="Para+Char" FontChange="Face+Size" Box="0.92149 0.950892 0.99417" Next="89FF8C0B-F83C-47CC-8B76-D0A341FA7194">
        <Format><![CDATA[{\rtf1\ansi\ansicpg1252\cocoartf2709
\cocoatextscaling0\cocoaplatform0{\fonttbl\f0\fnil\fcharset0 CodeNewRoman;}
{\colortbl;\red255\green255\blue255;\red4\green62\blue233;\red228\green231\blue235;}
{\*\expandedcolortbl;;\cssrgb\c0\c35191\c93227;\cssrgb\c91373\c92549\c93725\c65098;}
\deftab720
\pard\pardeftab720\partightenfactor0

\f0\fs20 \cf2 \cb3 \expnd0\expndtw0\kerning0
Attributes}]]></Format>
    </Style>
    <Style Name="Callout Warning" ID="99A1AFF8-D5DE-4258-86C7-4661052BED12" Type="Para+Char" FontChange="Face+Size" Box="0.999189 0.964716 0.927383">
        <Format><![CDATA[{\rtf1\ansi\ansicpg1252\cocoartf2709
\cocoatextscaling0\cocoaplatform0{\fonttbl\f0\fnil\fcharset0 SourceCodeProRoman-Regular;}
{\colortbl;\red255\green255\blue255;\red246\green119\blue8;}
{\*\expandedcolortbl;;\cssrgb\c97950\c54694\c0;}
\deftab720
\pard\pardeftab720\partightenfactor0

\f0\fs20 \cf2 \expnd0\expndtw0\kerning0
Attributes}]]></Format>
    </Style>
    <Style Name="Table Caption" ID="BC8ECB69-3702-497E-9C10-0F825A64AB4E" Type="Para+Char" FontChange="Face+Size" Box="0.99797 0.904798 0.691679">
        <Format><![CDATA[{\rtf1\ansi\ansicpg1252\cocoartf2709
\cocoatextscaling0\cocoaplatform0{\fonttbl\f0\fnil\fcharset0 GentiumPlus;}
{\colortbl;\red255\green255\blue255;}
{\*\expandedcolortbl;;}
\pard\tx560\tx1120\tx1680\tx2240\tx2800\tx3360\tx3920\tx4480\tx5040\tx5600\tx6160\tx6720\sl264\slmult1\sa180\pardirnatural\partightenfactor0

\f0\fs20 \cf0 Attributes}]]></Format>
    </Style>
    <Style Name="Crossref Label" ID="029835AC-3C72-4C14-BB47-1DAB77C60BA1" Type="Para+Char" FontChange="Face+Size" Box="0.899463 0.899463 0.899463">
        <Format><![CDATA[{\rtf1\ansi\ansicpg1252\cocoartf2709
\cocoatextscaling0\cocoaplatform0{\fonttbl\f0\fnil\fcharset0 FiraMono-Regular;}
{\colortbl;\red255\green255\blue255;\red4\green62\blue233;}
{\*\expandedcolortbl;;\cssrgb\c0\c35191\c93227;}
\pard\tx0\pardirnatural\qr\partightenfactor0

\f0\fs20 \cf2 Attributes}]]></Format>
    </Style>
    <Style Name="Block" ID="6B9A4D2E-F4C1-4FDA-83A7-8D9D7AC7E2B3" Type="Para+Char" FontChange="Face+Size" Box="0.756926 0.602052 0.965043" Next="6B9A4D2E-F4C1-4FDA-83A7-8D9D7AC7E2B3">
        <Format><![CDATA[{\rtf1\ansi\ansicpg1252\cocoartf2709
\cocoatextscaling0\cocoaplatform0{\fonttbl\f0\fnil\fcharset0 CodeNewRoman;}
{\colortbl;\red255\green255\blue255;}
{\*\expandedcolortbl;;}
\pard\tx0\pardirnatural\partightenfactor0

\f0\fs20 \cf0 Attributes}]]></Format>
    </Style>
    <Style Name="Column Page" ID="8F42A48E-C54E-4EC9-A62E-AF0F5B6FD305" Type="Para+Char" FontChange="Face+Size" Box="0.576268 0.923655 0.501957" Next="8F42A48E-C54E-4EC9-A62E-AF0F5B6FD305">
        <Format><![CDATA[{\rtf1\ansi\ansicpg1252\cocoartf2709
\cocoatextscaling0\cocoaplatform0{\fonttbl\f0\fnil\fcharset0 FiraMono-Regular;}
{\colortbl;\red255\green255\blue255;}
{\*\expandedcolortbl;;}
\pard\tx0\pardirnatural\partightenfactor0

\f0\fs20 \cf0 \AppleTypeServicesU1 Attributes}]]></Format>
    </Style>
    <Style Name="Marginalia" ID="D328C77B-E18A-4606-8CCE-9668FDFDBBCA" Type="Para" FontChange="Face+Size" Box="1.0 1.0 0.711568" Next="D328C77B-E18A-4606-8CCE-9668FDFDBBCA">
        <Format><![CDATA[{\rtf1\ansi\ansicpg1252\cocoartf2709
\cocoatextscaling0\cocoaplatform0{\fonttbl\f0\fnil\fcharset0 Alegreya-Regular;}
{\colortbl;\red255\green255\blue255;}
{\*\expandedcolortbl;;}
\pard\tx566\tx1133\tx1700\tx2267\li2267\sl312\slmult1\pardirnatural\qr\partightenfactor0

\f0\fs20 \cf0 \AppleTypeServicesU1 Attributes}]]></Format>
    </Style>
    <Style Name="Raw Markdown" ID="1D61A071-0914-4B6A-A802-D1D8708DEF8B" Type="Para+Char" FontChange="Face+Size" Box="0.9 0.9 0.99982" Next="1D61A071-0914-4B6A-A802-D1D8708DEF8B">
        <Format><![CDATA[{\rtf1\ansi\ansicpg1252\cocoartf2709
\cocoatextscaling0\cocoaplatform0{\fonttbl\f0\fswiss\fcharset0 Helvetica;}
{\colortbl;\red255\green255\blue255;}
{\*\expandedcolortbl;;}
\deftab720
\pard\pardeftab720\partightenfactor0

\f0\fs20 \cf0 \expnd0\expndtw0\kerning0
Attributes}]]></Format>
    </Style>
    <Style Name="R Block" ID="D66D82D9-EBBE-45AC-9970-AC1458F61188" Type="Para" FontChange="Face+Size" Box="0.916741 0.979652 0.943897" Next="D66D82D9-EBBE-45AC-9970-AC1458F61188">
        <Format><![CDATA[{\rtf1\ansi\ansicpg1252\cocoartf2709
\cocoatextscaling0\cocoaplatform0{\fonttbl\f0\fnil\fcharset0 CodeNewRoman;}
{\colortbl;\red255\green255\blue255;\red4\green45\blue62;\red228\green231\blue235;}
{\*\expandedcolortbl;;\cssrgb\c0\c23137\c30980;\cssrgb\c91373\c92549\c93725\c65098;}
\deftab720
\pard\pardeftab720\partightenfactor0

\f0\fs20 \cf2 \cb3 \expnd0\expndtw0\kerning0
Attributes}]]></Format>
    </Style>
    <Style Name="Python Block" ID="FDE41915-5B04-4798-A375-EDBC80D46CB4" Type="Para+Char" FontChange="Face+Size" Box="0.92149 0.950892 0.99417" Next="FDE41915-5B04-4798-A375-EDBC80D46CB4">
        <Format><![CDATA[{\rtf1\ansi\ansicpg1252\cocoartf2709
\cocoatextscaling0\cocoaplatform0{\fonttbl\f0\fnil\fcharset0 FiraCode-Regular;}
{\colortbl;\red255\green255\blue255;\red0\green255\blue255;}
{\*\expandedcolortbl;;\csgenericrgb\c0\c100000\c100000;}
\deftab720
\pard\pardeftab720\partightenfactor0

\f0\fs20 \cf2 \expnd0\expndtw0\kerning0
Attributes}]]></Format>
    </Style>
    <Style Name="Aside" ID="1DAB964B-516F-497F-A466-310D8E97D96B" Type="Char" Box="0.921532 1.0 0.938182">
        <Format><![CDATA[{\rtf1\ansi\ansicpg1252\cocoartf2709
\cocoatextscaling0\cocoaplatform0{\fonttbl\f0\fnil\fcharset0 Menlo-Regular;}
{\colortbl;\red255\green255\blue255;}
{\*\expandedcolortbl;;}
\deftab720
\pard\pardeftab720\partightenfactor0

\f0\fs24 \cf0 Attributes}]]></Format>
    </Style>
    <Style Name="Generic Code" ID="D7AD9701-CCA5-49D1-A178-D096CF3D098A" Type="Para" FontChange="Face+Size" Box="0.86506 0.447914 0.043248" Next="D7AD9701-CCA5-49D1-A178-D096CF3D098A">
        <Format><![CDATA[{\rtf1\ansi\ansicpg1252\cocoartf2709
\cocoatextscaling0\cocoaplatform0{\fonttbl\f0\fnil\fcharset0 CodeNewRoman;}
{\colortbl;\red255\green255\blue255;}
{\*\expandedcolortbl;;}
\pard\tx0\tx0\tx567\tx1134\tx1701\sl288\slmult1\pardirnatural\qj\partightenfactor0

\f0\fs20 \cf0 Attributes}]]></Format>
    </Style>
    <Style Name="Editor-only Comment" ID="1782A4A5-48EB-4554-ADD6-0D2E53082217" Type="Char">
        <Format><![CDATA[{\rtf1\ansi\ansicpg1252\cocoartf2709
\cocoatextscaling0\cocoaplatform0{\fonttbl\f0\fnil\fcharset0 GentiumPlus;}
{\colortbl;\red255\green255\blue255;\red127\green127\blue127;}
{\*\expandedcolortbl;;\csgray\c57042;}
\pard\tx0\tx0\tx567\tx1134\tx1701\sl288\slmult1\pardirnatural\qj\partightenfactor0

\f0\fs24 \cf2 \expnd0\expndtw0\kerning0
Attributes}]]></Format>
    </Style>
    <Style Name="Cite" ID="E33507E1-962A-4858-B7E1-FE4D5CDA2FF3" Type="Char" Box="0.484389 0.863572 0.576995" Next="436ABDF1-390E-40C7-9E2F-69F76D5E8171" Shortcut="5">
        <Format><![CDATA[{\rtf1\ansi\ansicpg1252\cocoartf2709
\cocoatextscaling0\cocoaplatform0{\fonttbl\f0\fnil\fcharset0 SourceSans3Italic-Light;}
{\colortbl;\red255\green255\blue255;}
{\*\expandedcolortbl;;}
\pard\tx560\tx1120\tx1680\tx2240\tx2800\tx3360\tx3920\tx4480\tx5040\tx5600\tx6160\tx6720\sl264\slmult1\sa120\pardirnatural\qj\partightenfactor0

\f0\i\fs24 \cf0 Attributes}]]></Format>
    </Style>
    <Style Name="Cite*" ID="7F0073C9-D6CA-4043-8B55-20738C1A47DB" Type="Char" Box="0.744768 0.839035 0.381126" Next="436ABDF1-390E-40C7-9E2F-69F76D5E8171" Shortcut="4">
        <Format><![CDATA[{\rtf1\ansi\ansicpg1252\cocoartf2709
\cocoatextscaling0\cocoaplatform0{\fonttbl\f0\fnil\fcharset0 GentiumPlus;}
{\colortbl;\red255\green255\blue255;}
{\*\expandedcolortbl;;}
\pard\tx0\tx0\tx567\tx1134\tx1701\sl288\slmult1\pardirnatural\qj\partightenfactor0

\f0\fs24 \cf0 Attributes}]]></Format>
    </Style>
    <Style Name="Cite Title" ID="E6FAB0A9-D523-4B2C-97AE-0205005F7E56" Type="Char" Box="0.9 0.9 0.99982" Next="436ABDF1-390E-40C7-9E2F-69F76D5E8171">
        <Format><![CDATA[{\rtf1\ansi\ansicpg1252\cocoartf2709
\cocoatextscaling0\cocoaplatform0{\fonttbl\f0\fnil\fcharset0 SourceSans3Italic-Light;}
{\colortbl;\red255\green255\blue255;}
{\*\expandedcolortbl;;}
\pard\tx560\tx1120\tx1680\tx2240\tx2800\tx3360\tx3920\tx4480\tx5040\tx5600\tx6160\tx6720\sl264\slmult1\sa120\pardirnatural\qj\partightenfactor0

\f0\i\fs24 \cf0 Attributes}]]></Format>
    </Style>
    <Style Name="Cite Author" ID="4679D04C-1140-4652-B73B-8C692040513D" Type="Char" Box="0.9 0.9 0.99982" Next="436ABDF1-390E-40C7-9E2F-69F76D5E8171">
        <Format><![CDATA[{\rtf1\ansi\ansicpg1252\cocoartf2709
\cocoatextscaling0\cocoaplatform0{\fonttbl\f0\fnil\fcharset0 GentiumPlus;}
{\colortbl;\red255\green255\blue255;}
{\*\expandedcolortbl;;}
\pard\tx0\tx0\tx567\tx1134\tx1701\sl288\slmult1\pardirnatural\qj\partightenfactor0

\f0\fs24 \cf0 Attributes}]]></Format>
    </Style>
    <Style Name="Cite Editor" ID="0B61C4E1-9F34-4A25-90B1-4193F0E479A1" Type="Char" Box="0.9 0.9 0.99982" Next="436ABDF1-390E-40C7-9E2F-69F76D5E8171" Shortcut="9">
        <Format><![CDATA[{\rtf1\ansi\ansicpg1252\cocoartf2709
\cocoatextscaling0\cocoaplatform0{\fonttbl\f0\fnil\fcharset0 GentiumPlus;}
{\colortbl;\red255\green255\blue255;}
{\*\expandedcolortbl;;}
\pard\tx0\tx0\tx567\tx1134\tx1701\sl288\slmult1\pardirnatural\qj\partightenfactor0

\f0\fs24 \cf0 Attributes}]]></Format>
    </Style>
    <Style Name="Cite Issued" ID="44577CFA-62FE-4262-A7ED-1DD6F87818CA" Type="Char" Box="0.9 0.9 0.99982" Next="436ABDF1-390E-40C7-9E2F-69F76D5E8171" Shortcut="7">
        <Format><![CDATA[{\rtf1\ansi\ansicpg1252\cocoartf2709
\cocoatextscaling0\cocoaplatform0{\fonttbl\f0\fnil\fcharset0 GentiumPlus;}
{\colortbl;\red255\green255\blue255;}
{\*\expandedcolortbl;;}
\pard\tx0\tx0\tx567\tx1134\tx1701\sl288\slmult1\pardirnatural\qj\partightenfactor0

\f0\fs24 \cf0 Attributes}]]></Format>
    </Style>
    <Style Name="Cite Publisher" ID="54158513-AB41-46CC-B84D-ABD3009A7D62" Type="Char" Box="0.9 0.9 0.99982" Next="436ABDF1-390E-40C7-9E2F-69F76D5E8171">
        <Format><![CDATA[{\rtf1\ansi\ansicpg1252\cocoartf2709
\cocoatextscaling0\cocoaplatform0{\fonttbl\f0\fnil\fcharset0 SourceSans3Roman-Light;}
{\colortbl;\red255\green255\blue255;}
{\*\expandedcolortbl;;}
\pard\tx560\tx1120\tx1680\tx2240\tx2800\tx3360\tx3920\tx4480\tx5040\tx5600\tx6160\tx6720\sl264\slmult1\sa120\pardirnatural\qj\partightenfactor0

\f0\fs24 \cf0 Attributes}]]></Format>
    </Style>
    <Style Name="Cite Title-short" ID="CCDC3E29-B06E-4C62-BA93-059806B4DEA8" Type="Char" Box="0.9 0.9 0.99982" Next="436ABDF1-390E-40C7-9E2F-69F76D5E8171">
        <Format><![CDATA[{\rtf1\ansi\ansicpg1252\cocoartf2709
\cocoatextscaling0\cocoaplatform0{\fonttbl\f0\fnil\fcharset0 SourceSans3Italic-Light;}
{\colortbl;\red255\green255\blue255;}
{\*\expandedcolortbl;;}
\pard\tx560\tx1120\tx1680\tx2240\tx2800\tx3360\tx3920\tx4480\tx5040\tx5600\tx6160\tx6720\sl264\slmult1\sa120\pardirnatural\qj\partightenfactor0

\f0\i\fs24 \cf0 Attributes}]]></Format>
    </Style>
    <Style Name="Cite Original-title" ID="E7458396-1FA1-4F17-899A-87A3ED893DBA" Type="Char" Box="0.9 0.9 0.99982" Next="436ABDF1-390E-40C7-9E2F-69F76D5E8171">
        <Format><![CDATA[{\rtf1\ansi\ansicpg1252\cocoartf2709
\cocoatextscaling0\cocoaplatform0{\fonttbl\f0\fnil\fcharset0 SourceSans3Italic-Light;}
{\colortbl;\red255\green255\blue255;}
{\*\expandedcolortbl;;}
\pard\tx560\tx1120\tx1680\tx2240\tx2800\tx3360\tx3920\tx4480\tx5040\tx5600\tx6160\tx6720\sl264\slmult1\sa120\pardirnatural\qj\partightenfactor0

\f0\i\fs24 \cf0 Attributes}]]></Format>
    </Style>
    <Style Name="Inline Footnote" ID="82D6D4C4-F4AB-4B0F-975C-036C89D6AD80" Type="Char" Box="0.9 0.9 0.99982" Next="436ABDF1-390E-40C7-9E2F-69F76D5E8171">
        <Format><![CDATA[{\rtf1\ansi\ansicpg1252\cocoartf2709
\cocoatextscaling0\cocoaplatform0{\fonttbl\f0\fnil\fcharset0 GentiumPlus;}
{\colortbl;\red255\green255\blue255;}
{\*\expandedcolortbl;;}
\pard\tx0\tx0\tx567\tx1134\tx1701\sl288\slmult1\pardirnatural\qj\partightenfactor0

\f0\fs24 \cf0 Attributes}]]></Format>
    </Style>
    <Style Name="Cite Translator" ID="B8E3CF37-0551-44DC-9990-F79073CE3308" Type="Char" Box="0.9 0.9 0.99982" Next="436ABDF1-390E-40C7-9E2F-69F76D5E8171" Shortcut="8">
        <Format><![CDATA[{\rtf1\ansi\ansicpg1252\cocoartf2709
\cocoatextscaling0\cocoaplatform0{\fonttbl\f0\fnil\fcharset0 SourceSans3Roman-Light;}
{\colortbl;\red255\green255\blue255;}
{\*\expandedcolortbl;;}
\pard\tx560\tx1120\tx1680\tx2240\tx2800\tx3360\tx3920\tx4480\tx5040\tx5600\tx6160\tx6720\sl264\slmult1\sa120\pardirnatural\qj\partightenfactor0

\f0\fs24 \cf0 Attributes}]]></Format>
    </Style>
    <Style Name="Body" ID="436ABDF1-390E-40C7-9E2F-69F76D5E8171" Type="Para" FontChange="Face+Size" Next="436ABDF1-390E-40C7-9E2F-69F76D5E8171" Shortcut="1">
        <Format><![CDATA[{\rtf1\ansi\ansicpg1252\cocoartf2709
\cocoatextscaling0\cocoaplatform0{\fonttbl\f0\fnil\fcharset0 Alegreya-Regular;}
{\colortbl;\red255\green255\blue255;}
{\*\expandedcolortbl;;}
\deftab720
\pard\tx560\tx1120\tx1680\tx2240\tx2800\tx3360\tx3920\tx4480\tx5040\tx5600\tx6160\tx6720\pardeftab720\fi708\sl288\slmult1\sa120\pardirnatural\qj\partightenfactor0

\f0\fs24 \cf0 \expnd0\expndtw0\kerning0
Attributes}]]></Format>
    </Style>
    <Style Name="Comment" ID="80AD7E99-1EA0-4827-8927-F9E826A294D8" Type="Para+Char" FontChange="Face+Size" Box="0.92149 0.950892 0.99417">
        <Format><![CDATA[{\rtf1\ansi\ansicpg1252\cocoartf2709
\cocoatextscaling0\cocoaplatform0{\fonttbl\f0\fnil\fcharset0 CodeNewRoman;}
{\colortbl;\red255\green255\blue255;\red127\green127\blue127;}
{\*\expandedcolortbl;;\csgray\c57042;}
\deftab720
\pard\pardeftab720\partightenfactor0

\f0\fs20 \cf2 \expnd0\expndtw0\kerning0
Attributes}]]></Format>
    </Style>
    <Style Name="Callout Important" ID="DEBFB3DA-C77A-441E-A817-0BA6A38FAB70" Type="Para+Char" FontChange="Face+Size" Box="0.995304 0.927452 0.930253">
        <Format><![CDATA[{\rtf1\ansi\ansicpg1252\cocoartf2709
\cocoatextscaling0\cocoaplatform0{\fonttbl\f0\fnil\fcharset0 SourceCodeProRoman-Regular;}
{\colortbl;\red255\green255\blue255;\red212\green0\blue5;}
{\*\expandedcolortbl;;\cssrgb\c87430\c0\c0;}
\deftab720
\pard\pardeftab720\partightenfactor0

\f0\fs20 \cf2 \expnd0\expndtw0\kerning0
Attributes}]]></Format>
    </Style>
    <Style Name="Callout Note" ID="5F95ED6B-8BA6-4D1D-9DC6-94D2D7673AD2" Type="Para+Char" FontChange="Face+Size" Box="0.92149 0.950892 0.99417">
        <Format><![CDATA[{\rtf1\ansi\ansicpg1252\cocoartf2709
\cocoatextscaling0\cocoaplatform0{\fonttbl\f0\fnil\fcharset0 SourceCodeProRoman-Regular;}
{\colortbl;\red255\green255\blue255;\red4\green62\blue233;}
{\*\expandedcolortbl;;\cssrgb\c0\c35191\c93227;}
\deftab720
\pard\pardeftab720\partightenfactor0

\f0\fs20 \cf2 \expnd0\expndtw0\kerning0
Attributes}]]></Format>
    </Style>
    <Style Name="Callout Caution" ID="623776B0-39F6-4F7D-9E6F-FF1186452BCA" Type="Para+Char" FontChange="Face+Size" Box="0.998787 0.94845 0.923098">
        <Format><![CDATA[{\rtf1\ansi\ansicpg1252\cocoartf2709
\cocoatextscaling0\cocoaplatform0{\fonttbl\f0\fnil\fcharset0 SourceCodeProRoman-Regular;}
{\colortbl;\red255\green255\blue255;\red252\green38\blue7;}
{\*\expandedcolortbl;;\cssrgb\c100000\c24568\c0;}
\deftab720
\pard\pardeftab720\partightenfactor0

\f0\fs20 \cf2 \expnd0\expndtw0\kerning0
Attributes}]]></Format>
    </Style>
    <Style Name="Callout Tip" ID="093DCA3B-1879-467E-B93D-06230E245734" Type="Para+Char" FontChange="Face+Size" Box="0.916741 0.979652 0.943897">
        <Format><![CDATA[{\rtf1\ansi\ansicpg1252\cocoartf2709
\cocoatextscaling0\cocoaplatform0{\fonttbl\f0\fnil\fcharset0 SourceCodeProRoman-Regular;}
{\colortbl;\red255\green255\blue255;\red20\green150\blue44;}
{\*\expandedcolortbl;;\cssrgb\c0\c63927\c22537;}
\deftab720
\pard\pardeftab720\partightenfactor0

\f0\fs20 \cf2 \expnd0\expndtw0\kerning0
Attributes}]]></Format>
    </Style>
    <Style Name="Environment Definition" ID="97E37E17-1645-4D4D-9D3F-96F7711D93A1" Type="Para+Char" FontChange="Face+Size" Box="0.998787 0.94845 0.923098">
        <Format><![CDATA[{\rtf1\ansi\ansicpg1252\cocoartf2709
\cocoatextscaling0\cocoaplatform0{\fonttbl\f0\fnil\fcharset0 GentiumPlus;}
{\colortbl;\red255\green255\blue255;\red252\green38\blue7;}
{\*\expandedcolortbl;;\cssrgb\c100000\c24568\c0;}
\deftab720
\pard\pardeftab720\partightenfactor0

\f0\fs20 \cf2 \expnd0\expndtw0\kerning0
Attributes}]]></Format>
    </Style>
    <Style Name="Environment Example" ID="C16C36CA-C09D-4D48-90FF-4B8E68BE9F84" Type="Para+Char" FontChange="Face+Size" Box="0.995304 0.927452 0.930253">
        <Format><![CDATA[{\rtf1\ansi\ansicpg1252\cocoartf2709
\cocoatextscaling0\cocoaplatform0{\fonttbl\f0\fnil\fcharset0 GentiumPlus;}
{\colortbl;\red255\green255\blue255;\red212\green0\blue5;}
{\*\expandedcolortbl;;\cssrgb\c87430\c0\c0;}
\deftab720
\pard\pardeftab720\partightenfactor0

\f0\fs20 \cf2 \expnd0\expndtw0\kerning0
Attributes}]]></Format>
    </Style>
    <Style Name="Environment Exercise" ID="A344A553-270B-4981-9AAE-A753ACBC57E2" Type="Para+Char" FontChange="Face+Size" Box="0.92149 0.950892 0.99417">
        <Format><![CDATA[{\rtf1\ansi\ansicpg1252\cocoartf2709
\cocoatextscaling0\cocoaplatform0{\fonttbl\f0\fnil\fcharset0 GentiumPlus;}
{\colortbl;\red255\green255\blue255;\red4\green62\blue233;}
{\*\expandedcolortbl;;\cssrgb\c0\c35191\c93227;}
\deftab720
\pard\pardeftab720\partightenfactor0

\f0\fs20 \cf2 \expnd0\expndtw0\kerning0
Attributes}]]></Format>
    </Style>
    <Style Name="Environment Conjecture" ID="8AF6F511-9D57-4E86-9E8D-C5969AD7E3C5" Type="Para+Char" FontChange="Face+Size" Box="0.916741 0.979652 0.943897">
        <Format><![CDATA[{\rtf1\ansi\ansicpg1252\cocoartf2709
\cocoatextscaling0\cocoaplatform0{\fonttbl\f0\fnil\fcharset0 GentiumPlus;}
{\colortbl;\red255\green255\blue255;\red20\green150\blue44;}
{\*\expandedcolortbl;;\cssrgb\c0\c63927\c22537;}
\deftab720
\pard\pardeftab720\partightenfactor0

\f0\fs20 \cf2 \expnd0\expndtw0\kerning0
Attributes}]]></Format>
    </Style>
    <Style Name="Environment Corollary" ID="5D6B1B17-B358-4E03-97E8-A04BE8AD036E" Type="Para+Char" FontChange="Face+Size" Box="0.999189 0.964716 0.927383">
        <Format><![CDATA[{\rtf1\ansi\ansicpg1252\cocoartf2709
\cocoatextscaling0\cocoaplatform0{\fonttbl\f0\fnil\fcharset0 GentiumPlus;}
{\colortbl;\red255\green255\blue255;\red246\green119\blue8;}
{\*\expandedcolortbl;;\cssrgb\c97950\c54694\c0;}
\deftab720
\pard\pardeftab720\partightenfactor0

\f0\fs20 \cf2 \expnd0\expndtw0\kerning0
Attributes}]]></Format>
    </Style>
    <Style Name="Environment Lemma" ID="6F17EC19-345D-4C75-B7B9-9E4521E2C9B9" Type="Para+Char" FontChange="Face+Size" Box="0.998787 0.94845 0.923098">
        <Format><![CDATA[{\rtf1\ansi\ansicpg1252\cocoartf2709
\cocoatextscaling0\cocoaplatform0{\fonttbl\f0\fnil\fcharset0 GentiumPlus;}
{\colortbl;\red255\green255\blue255;\red252\green38\blue7;}
{\*\expandedcolortbl;;\cssrgb\c100000\c24568\c0;}
\deftab720
\pard\pardeftab720\partightenfactor0

\f0\fs20 \cf2 \expnd0\expndtw0\kerning0
Attributes}]]></Format>
    </Style>
    <Style Name="Environment Proposition" ID="718E6F0C-C27F-489E-81F1-95862A630823" Type="Para+Char" FontChange="Face+Size" Box="0.995304 0.927452 0.930253">
        <Format><![CDATA[{\rtf1\ansi\ansicpg1252\cocoartf2709
\cocoatextscaling0\cocoaplatform0{\fonttbl\f0\fnil\fcharset0 GentiumPlus;}
{\colortbl;\red255\green255\blue255;\red212\green0\blue5;}
{\*\expandedcolortbl;;\cssrgb\c87430\c0\c0;}
\deftab720
\pard\pardeftab720\partightenfactor0

\f0\fs20 \cf2 \expnd0\expndtw0\kerning0
Attributes}]]></Format>
    </Style>
    <Style Name="Environment Theorem" ID="F64255EA-B54E-4A03-B983-C410333F345C" Type="Para+Char" FontChange="Face+Size" Box="0.92149 0.950892 0.99417">
        <Format><![CDATA[{\rtf1\ansi\ansicpg1252\cocoartf2709
\cocoatextscaling0\cocoaplatform0{\fonttbl\f0\fnil\fcharset0 GentiumPlus;}
{\colortbl;\red255\green255\blue255;\red4\green62\blue233;}
{\*\expandedcolortbl;;\cssrgb\c0\c35191\c93227;}
\deftab720
\pard\pardeftab720\partightenfactor0

\f0\fs20 \cf2 \expnd0\expndtw0\kerning0
Attributes}]]></Format>
    </Style>
    <Style Name="Crossref Definition" ID="B89E0006-7A8A-4B24-97C7-F852061E7CF4" Type="Char" Box="0.9 0.9 0.99982">
        <Format><![CDATA[{\rtf1\ansi\ansicpg1252\cocoartf2709
\cocoatextscaling0\cocoaplatform0{\fonttbl\f0\fnil\fcharset0 SourceSans3Roman-Light;}
{\colortbl;\red255\green255\blue255;}
{\*\expandedcolortbl;;}
\pard\tx560\tx1120\tx1680\tx2240\tx2800\tx3360\tx3920\tx4480\tx5040\tx5600\tx6160\tx6720\sl264\slmult1\sa120\pardirnatural\qj\partightenfactor0

\f0\fs24 \cf0 Attributes}]]></Format>
    </Style>
    <Style Name="Crossref Example" ID="A97BC9EC-9798-465C-B3D2-AD80C04433F1" Type="Char" Box="0.9 0.9 0.99982">
        <Format><![CDATA[{\rtf1\ansi\ansicpg1252\cocoartf2709
\cocoatextscaling0\cocoaplatform0{\fonttbl\f0\fnil\fcharset0 SourceSans3Roman-Light;}
{\colortbl;\red255\green255\blue255;}
{\*\expandedcolortbl;;}
\pard\tx560\tx1120\tx1680\tx2240\tx2800\tx3360\tx3920\tx4480\tx5040\tx5600\tx6160\tx6720\sl264\slmult1\sa120\pardirnatural\qj\partightenfactor0

\f0\fs24 \cf0 Attributes}]]></Format>
    </Style>
    <Style Name="Crossref Exercise" ID="B0E73603-F133-4E0D-8775-4C6ACAE25F2C" Type="Char" Box="0.9 0.9 0.99982">
        <Format><![CDATA[{\rtf1\ansi\ansicpg1252\cocoartf2709
\cocoatextscaling0\cocoaplatform0{\fonttbl\f0\fnil\fcharset0 SourceSans3Roman-Light;}
{\colortbl;\red255\green255\blue255;}
{\*\expandedcolortbl;;}
\pard\tx560\tx1120\tx1680\tx2240\tx2800\tx3360\tx3920\tx4480\tx5040\tx5600\tx6160\tx6720\sl264\slmult1\sa120\pardirnatural\qj\partightenfactor0

\f0\fs24 \cf0 Attributes}]]></Format>
    </Style>
    <Style Name="Crossref Conjecture" ID="70787136-0306-4098-AD03-9D42C247F275" Type="Char" Box="0.9 0.9 0.99982">
        <Format><![CDATA[{\rtf1\ansi\ansicpg1252\cocoartf2709
\cocoatextscaling0\cocoaplatform0{\fonttbl\f0\fnil\fcharset0 SourceSans3Roman-Light;}
{\colortbl;\red255\green255\blue255;}
{\*\expandedcolortbl;;}
\pard\tx560\tx1120\tx1680\tx2240\tx2800\tx3360\tx3920\tx4480\tx5040\tx5600\tx6160\tx6720\sl264\slmult1\sa120\pardirnatural\qj\partightenfactor0

\f0\fs24 \cf0 Attributes}]]></Format>
    </Style>
    <Style Name="Crossref Corollary" ID="75BAB292-C5A9-4C1D-BC97-38B1E7EC010B" Type="Char" Box="0.9 0.9 0.99982">
        <Format><![CDATA[{\rtf1\ansi\ansicpg1252\cocoartf2709
\cocoatextscaling0\cocoaplatform0{\fonttbl\f0\fnil\fcharset0 SourceSans3Roman-Light;}
{\colortbl;\red255\green255\blue255;}
{\*\expandedcolortbl;;}
\pard\tx560\tx1120\tx1680\tx2240\tx2800\tx3360\tx3920\tx4480\tx5040\tx5600\tx6160\tx6720\sl264\slmult1\sa120\pardirnatural\qj\partightenfactor0

\f0\fs24 \cf0 Attributes}]]></Format>
    </Style>
    <Style Name="Crossref Lemma" ID="CBF6D7AA-4C2E-410A-88F5-6CDBCC0E74A4" Type="Char" Box="0.9 0.9 0.99982">
        <Format><![CDATA[{\rtf1\ansi\ansicpg1252\cocoartf2709
\cocoatextscaling0\cocoaplatform0{\fonttbl\f0\fnil\fcharset0 SourceSans3Roman-Light;}
{\colortbl;\red255\green255\blue255;}
{\*\expandedcolortbl;;}
\pard\tx560\tx1120\tx1680\tx2240\tx2800\tx3360\tx3920\tx4480\tx5040\tx5600\tx6160\tx6720\sl264\slmult1\sa120\pardirnatural\qj\partightenfactor0

\f0\fs24 \cf0 Attributes}]]></Format>
    </Style>
    <Style Name="Crossref Proposition" ID="E9C3F560-DECF-4EA7-B520-FC0746FDC5E1" Type="Char" Box="0.9 0.9 0.99982">
        <Format><![CDATA[{\rtf1\ansi\ansicpg1252\cocoartf2709
\cocoatextscaling0\cocoaplatform0{\fonttbl\f0\fnil\fcharset0 SourceSans3Roman-Light;}
{\colortbl;\red255\green255\blue255;}
{\*\expandedcolortbl;;}
\pard\tx560\tx1120\tx1680\tx2240\tx2800\tx3360\tx3920\tx4480\tx5040\tx5600\tx6160\tx6720\sl264\slmult1\sa120\pardirnatural\qj\partightenfactor0

\f0\fs24 \cf0 Attributes}]]></Format>
    </Style>
    <Style Name="Crossref Theorem" ID="FDC3CA20-C51E-4F1B-8406-459D63A4833F" Type="Char" Box="0.9 0.9 0.99982">
        <Format><![CDATA[{\rtf1\ansi\ansicpg1252\cocoartf2709
\cocoatextscaling0\cocoaplatform0{\fonttbl\f0\fnil\fcharset0 SourceSans3Roman-Light;}
{\colortbl;\red255\green255\blue255;}
{\*\expandedcolortbl;;}
\pard\tx560\tx1120\tx1680\tx2240\tx2800\tx3360\tx3920\tx4480\tx5040\tx5600\tx6160\tx6720\sl264\slmult1\sa120\pardirnatural\qj\partightenfactor0

\f0\fs24 \cf0 Attributes}]]></Format>
    </Style>
    <Style Name="Crossref Equation" ID="B83E725D-9103-471B-A4FF-30E55CD089A0" Type="Char" Box="0.9 0.9 0.99982">
        <Format><![CDATA[{\rtf1\ansi\ansicpg1252\cocoartf2709
\cocoatextscaling0\cocoaplatform0{\fonttbl\f0\fnil\fcharset0 SourceSans3Roman-Light;}
{\colortbl;\red255\green255\blue255;}
{\*\expandedcolortbl;;}
\pard\tx560\tx1120\tx1680\tx2240\tx2800\tx3360\tx3920\tx4480\tx5040\tx5600\tx6160\tx6720\sl264\slmult1\sa120\pardirnatural\qj\partightenfactor0

\f0\fs24 \cf0 Attributes}]]></Format>
    </Style>
    <Style Name="Crossref Figure" ID="FC5EFA20-2F76-4F4F-A589-276F497775B9" Type="Char" Box="0.9 0.9 0.99982">
        <Format><![CDATA[{\rtf1\ansi\ansicpg1252\cocoartf2709
\cocoatextscaling0\cocoaplatform0{\fonttbl\f0\fnil\fcharset0 SourceSans3Roman-Light;}
{\colortbl;\red255\green255\blue255;}
{\*\expandedcolortbl;;}
\pard\tx560\tx1120\tx1680\tx2240\tx2800\tx3360\tx3920\tx4480\tx5040\tx5600\tx6160\tx6720\sl264\slmult1\sa120\pardirnatural\qj\partightenfactor0

\f0\fs24 \cf0 Attributes}]]></Format>
    </Style>
    <Style Name="Crossref Listing" ID="27F9CC46-AF42-49C6-8C75-FE18D7758BDA" Type="Char" Box="0.9 0.9 0.99982">
        <Format><![CDATA[{\rtf1\ansi\ansicpg1252\cocoartf2709
\cocoatextscaling0\cocoaplatform0{\fonttbl\f0\fnil\fcharset0 SourceSans3Roman-Light;}
{\colortbl;\red255\green255\blue255;}
{\*\expandedcolortbl;;}
\pard\tx560\tx1120\tx1680\tx2240\tx2800\tx3360\tx3920\tx4480\tx5040\tx5600\tx6160\tx6720\sl264\slmult1\sa120\pardirnatural\qj\partightenfactor0

\f0\fs24 \cf0 Attributes}]]></Format>
    </Style>
    <Style Name="Crossref Table" ID="F70453E3-362F-4297-BAD8-4FE93512146D" Type="Char" Box="0.9 0.9 0.99982">
        <Format><![CDATA[{\rtf1\ansi\ansicpg1252\cocoartf2709
\cocoatextscaling0\cocoaplatform0{\fonttbl\f0\fnil\fcharset0 SourceSans3Roman-Light;}
{\colortbl;\red255\green255\blue255;}
{\*\expandedcolortbl;;}
\pard\tx560\tx1120\tx1680\tx2240\tx2800\tx3360\tx3920\tx4480\tx5040\tx5600\tx6160\tx6720\sl264\slmult1\sa120\pardirnatural\qj\partightenfactor0

\f0\fs24 \cf0 Attributes}]]></Format>
    </Style>
    <Style Name="Table Text" ID="5D57CCB7-3104-4601-9E42-E77D0E0B01E0" Type="Para+Char" FontChange="Face+Size">
        <Format><![CDATA[{\rtf1\ansi\ansicpg1252\cocoartf2709
\cocoatextscaling0\cocoaplatform0{\fonttbl\f0\fnil\fcharset0 AlegreyaSans-Regular;}
{\colortbl;\red255\green255\blue255;}
{\*\expandedcolortbl;;}
\deftab720
\pard\tx0\tx0\tx567\tx1134\tx1701\pardeftab720\pardirnatural\qc\partightenfactor0

\f0\fs20 \cf0 \AppleTypeServicesU1 Attributes}]]></Format>
    </Style>
    <Style Name="Raw HTML Span" ID="589F68A6-305C-41D6-8FBA-58708123CC5E" Type="Char" FontChange="Face+Size">
        <Format><![CDATA[{\rtf1\ansi\ansicpg1252\cocoartf2709
\cocoatextscaling0\cocoaplatform0{\fonttbl\f0\fnil\fcharset0 CodeNewRoman;}
{\colortbl;\red255\green255\blue255;}
{\*\expandedcolortbl;;}
\pard\tx720\tx1080\tx1440\li2267\sl264\slmult1\sb100\sa100\pardirnatural\partightenfactor0

\f0\fs8 \cf0 \AppleTypeServicesU1 Attributes}]]></Format>
    </Style>
    <Style Name="Lang Skt" ID="833935E6-3AA8-46C0-A625-BB406656B6C0" Type="Char" FontChange="Face+Size" Box="0.982045 0.588182 0.263444">
        <Format><![CDATA[{\rtf1\ansi\ansicpg1252\cocoartf2709
\cocoatextscaling0\cocoaplatform0{\fonttbl\f0\fnil\fcharset77 KohinoorDevanagari-Regular;}
{\colortbl;\red255\green255\blue255;}
{\*\expandedcolortbl;;}
\pard\tx0\tx0\tx567\tx1134\tx1701\sl312\slmult1\pardirnatural\qj\partightenfactor0

\f0\fs18 \cf0 Attributes}]]></Format>
    </Style>
    <Style Name="Lang Grc" ID="A58CB62F-7146-43F0-9154-8941658AE9D4" Type="Char" Box="0.553317 0.660465 0.940055" Next="436ABDF1-390E-40C7-9E2F-69F76D5E8171">
        <Format><![CDATA[{\rtf1\ansi\ansicpg1252\cocoartf2709
\cocoatextscaling0\cocoaplatform0{\fonttbl\f0\fnil\fcharset0 SourceSans3Roman-Light;}
{\colortbl;\red255\green255\blue255;}
{\*\expandedcolortbl;;}
\pard\tx560\tx1120\tx1680\tx2240\tx2800\tx3360\tx3920\tx4480\tx5040\tx5600\tx6160\tx6720\sl264\slmult1\sa120\pardirnatural\qj\partightenfactor0

\f0\fs24 \cf0 Attributes}]]></Format>
    </Style>
    <Style Name="Crossref Section" ID="8DFCA408-2ED0-45D9-9C06-5FD393D5D949" Type="Char" Box="0.9 0.9 0.99982">
        <Format><![CDATA[{\rtf1\ansi\ansicpg1252\cocoartf2709
\cocoatextscaling0\cocoaplatform0{\fonttbl\f0\fnil\fcharset0 SourceSans3Roman-Light;}
{\colortbl;\red255\green255\blue255;}
{\*\expandedcolortbl;;}
\pard\tx560\tx1120\tx1680\tx2240\tx2800\tx3360\tx3920\tx4480\tx5040\tx5600\tx6160\tx6720\sl264\slmult1\sa120\pardirnatural\qj\partightenfactor0

\f0\fs24 \cf0 Attributes}]]></Format>
    </Style>
    <Style Name="Footnote" ID="D5905BF4-0D6B-4AC1-AAAE-CB746A072076" Type="Char" Box="0.9 0.9 0.99982">
        <Format><![CDATA[{\rtf1\ansi\ansicpg1252\cocoartf2709
\cocoatextscaling0\cocoaplatform0{\fonttbl\f0\fnil\fcharset0 SourceSans3Roman-Light;}
{\colortbl;\red255\green255\blue255;}
{\*\expandedcolortbl;;}
\pard\tx560\tx1120\tx1680\tx2240\tx2800\tx3360\tx3920\tx4480\tx5040\tx5600\tx6160\tx6720\sl264\slmult1\sa120\pardirnatural\qj\partightenfactor0

\f0\fs24 \cf0 \expnd0\expndtw0\kerning0
Attributes}]]></Format>
    </Style>
    <Style Name="Crossref Footnote" ID="DCE005A4-8967-47E2-9B63-ECEFEF41C5A8" Type="Char" Box="0.9 0.9 0.99982">
        <Format><![CDATA[{\rtf1\ansi\ansicpg1252\cocoartf2709
\cocoatextscaling0\cocoaplatform0{\fonttbl\f0\fnil\fcharset0 SourceSans3Roman-Light;}
{\colortbl;\red255\green255\blue255;}
{\*\expandedcolortbl;;}
\pard\tx560\tx1120\tx1680\tx2240\tx2800\tx3360\tx3920\tx4480\tx5040\tx5600\tx6160\tx6720\sl264\slmult1\sa120\pardirnatural\qj\partightenfactor0

\f0\fs24 \cf0 Attributes}]]></Format>
    </Style>
    <Style Name="Footnote¹" ID="98560A21-EEC9-4C3A-9A5A-A34094CDFB8C" Type="Char" Box="0.9 0.9 0.99982">
        <Format><![CDATA[{\rtf1\ansi\ansicpg1252\cocoartf2709
\cocoatextscaling0\cocoaplatform0{\fonttbl\f0\fnil\fcharset0 GentiumPlus;}
{\colortbl;\red255\green255\blue255;}
{\*\expandedcolortbl;;}
\pard\tx0\tx0\tx567\tx1134\tx1701\sl288\slmult1\pardirnatural\qj\partightenfactor0

\f0\fs24 \cf0 \expnd0\expndtw0\kerning0
Attributes}]]></Format>
    </Style>
    <Style Name="Crossref Section*" ID="F47E7A57-B63A-4959-8713-B8AB23591960" Type="Char" Box="0.9 0.9 0.99982">
        <Format><![CDATA[{\rtf1\ansi\ansicpg1252\cocoartf2709
\cocoatextscaling0\cocoaplatform0{\fonttbl\f0\fnil\fcharset0 SourceSans3Roman-Light;}
{\colortbl;\red255\green255\blue255;}
{\*\expandedcolortbl;;}
\pard\tx560\tx1120\tx1680\tx2240\tx2800\tx3360\tx3920\tx4480\tx5040\tx5600\tx6160\tx6720\sl264\slmult1\sa120\pardirnatural\qj\partightenfactor0

\f0\fs24 \cf0 Attributes}]]></Format>
    </Style>
    <Style Name="Crossref Equation*" ID="96F56CDB-794E-4179-814D-BC8D2C50E7D9" Type="Char" Box="0.9 0.9 0.99982">
        <Format><![CDATA[{\rtf1\ansi\ansicpg1252\cocoartf2709
\cocoatextscaling0\cocoaplatform0{\fonttbl\f0\fnil\fcharset0 SourceSans3Roman-Light;}
{\colortbl;\red255\green255\blue255;}
{\*\expandedcolortbl;;}
\pard\tx560\tx1120\tx1680\tx2240\tx2800\tx3360\tx3920\tx4480\tx5040\tx5600\tx6160\tx6720\sl264\slmult1\sa120\pardirnatural\qj\partightenfactor0

\f0\fs24 \cf0 Attributes}]]></Format>
    </Style>
    <Style Name="Crossref Figure*" ID="2216540A-BE50-4149-BD55-F694012976F2" Type="Char" Box="0.9 0.9 0.99982">
        <Format><![CDATA[{\rtf1\ansi\ansicpg1252\cocoartf2709
\cocoatextscaling0\cocoaplatform0{\fonttbl\f0\fnil\fcharset0 SourceSans3Roman-Light;}
{\colortbl;\red255\green255\blue255;}
{\*\expandedcolortbl;;}
\pard\tx560\tx1120\tx1680\tx2240\tx2800\tx3360\tx3920\tx4480\tx5040\tx5600\tx6160\tx6720\sl264\slmult1\sa120\pardirnatural\qj\partightenfactor0

\f0\fs24 \cf0 Attributes}]]></Format>
    </Style>
    <Style Name="Crossref Listing*" ID="6293AF6A-EFB7-4C03-9328-41FAF0D60BF4" Type="Char" Box="0.9 0.9 0.99982">
        <Format><![CDATA[{\rtf1\ansi\ansicpg1252\cocoartf2709
\cocoatextscaling0\cocoaplatform0{\fonttbl\f0\fnil\fcharset0 SourceSans3Roman-Light;}
{\colortbl;\red255\green255\blue255;}
{\*\expandedcolortbl;;}
\pard\tx560\tx1120\tx1680\tx2240\tx2800\tx3360\tx3920\tx4480\tx5040\tx5600\tx6160\tx6720\sl264\slmult1\sa120\pardirnatural\qj\partightenfactor0

\f0\fs24 \cf0 Attributes}]]></Format>
    </Style>
    <Style Name="Crossref Table*" ID="99788858-9B0A-4204-A492-9EABD3FAADBF" Type="Char" Box="0.9 0.9 0.99982">
        <Format><![CDATA[{\rtf1\ansi\ansicpg1252\cocoartf2709
\cocoatextscaling0\cocoaplatform0{\fonttbl\f0\fnil\fcharset0 SourceSans3Roman-Light;}
{\colortbl;\red255\green255\blue255;}
{\*\expandedcolortbl;;}
\pard\tx560\tx1120\tx1680\tx2240\tx2800\tx3360\tx3920\tx4480\tx5040\tx5600\tx6160\tx6720\sl264\slmult1\sa120\pardirnatural\qj\partightenfactor0

\f0\fs24 \cf0 Attributes}]]></Format>
    </Style>
    <Style Name="Crossref Conjecture*" ID="CBED128D-977C-4A04-BFFA-AD5BE3AC78F9" Type="Char" Box="0.9 0.9 0.99982">
        <Format><![CDATA[{\rtf1\ansi\ansicpg1252\cocoartf2709
\cocoatextscaling0\cocoaplatform0{\fonttbl\f0\fnil\fcharset0 SourceSans3Roman-Light;}
{\colortbl;\red255\green255\blue255;}
{\*\expandedcolortbl;;}
\pard\tx560\tx1120\tx1680\tx2240\tx2800\tx3360\tx3920\tx4480\tx5040\tx5600\tx6160\tx6720\sl264\slmult1\sa120\pardirnatural\qj\partightenfactor0

\f0\fs24 \cf0 Attributes}]]></Format>
    </Style>
    <Style Name="Crossref Corollary*" ID="865FFEBE-9B93-4A5E-81D3-0D90C15F3806" Type="Char" Box="0.9 0.9 0.99982">
        <Format><![CDATA[{\rtf1\ansi\ansicpg1252\cocoartf2709
\cocoatextscaling0\cocoaplatform0{\fonttbl\f0\fnil\fcharset0 SourceSans3Roman-Light;}
{\colortbl;\red255\green255\blue255;}
{\*\expandedcolortbl;;}
\pard\tx560\tx1120\tx1680\tx2240\tx2800\tx3360\tx3920\tx4480\tx5040\tx5600\tx6160\tx6720\sl264\slmult1\sa120\pardirnatural\qj\partightenfactor0

\f0\fs24 \cf0 Attributes}]]></Format>
    </Style>
    <Style Name="Crossref Definition*" ID="09A599D7-3CB3-4719-B048-0FC3A59A6A0D" Type="Char" Box="0.9 0.9 0.99982">
        <Format><![CDATA[{\rtf1\ansi\ansicpg1252\cocoartf2709
\cocoatextscaling0\cocoaplatform0{\fonttbl\f0\fnil\fcharset0 SourceSans3Roman-Light;}
{\colortbl;\red255\green255\blue255;}
{\*\expandedcolortbl;;}
\pard\tx560\tx1120\tx1680\tx2240\tx2800\tx3360\tx3920\tx4480\tx5040\tx5600\tx6160\tx6720\sl264\slmult1\sa120\pardirnatural\qj\partightenfactor0

\f0\fs24 \cf0 Attributes}]]></Format>
    </Style>
    <Style Name="Crossref Example*" ID="8B2CDDE9-9A9B-41C7-A633-89840538C829" Type="Char" Box="0.9 0.9 0.99982">
        <Format><![CDATA[{\rtf1\ansi\ansicpg1252\cocoartf2709
\cocoatextscaling0\cocoaplatform0{\fonttbl\f0\fnil\fcharset0 SourceSans3Roman-Light;}
{\colortbl;\red255\green255\blue255;}
{\*\expandedcolortbl;;}
\pard\tx560\tx1120\tx1680\tx2240\tx2800\tx3360\tx3920\tx4480\tx5040\tx5600\tx6160\tx6720\sl264\slmult1\sa120\pardirnatural\qj\partightenfactor0

\f0\fs24 \cf0 Attributes}]]></Format>
    </Style>
    <Style Name="Crossref Exercise*" ID="B0B77834-4891-4569-AA51-D2DF28900268" Type="Char" Box="0.9 0.9 0.99982">
        <Format><![CDATA[{\rtf1\ansi\ansicpg1252\cocoartf2709
\cocoatextscaling0\cocoaplatform0{\fonttbl\f0\fnil\fcharset0 SourceSans3Roman-Light;}
{\colortbl;\red255\green255\blue255;}
{\*\expandedcolortbl;;}
\pard\tx560\tx1120\tx1680\tx2240\tx2800\tx3360\tx3920\tx4480\tx5040\tx5600\tx6160\tx6720\sl264\slmult1\sa120\pardirnatural\qj\partightenfactor0

\f0\fs24 \cf0 Attributes}]]></Format>
    </Style>
    <Style Name="Crossref Lemma*" ID="7BF61CAC-4FB1-43A1-9E69-B1845080CEEF" Type="Char" Box="0.9 0.9 0.99982">
        <Format><![CDATA[{\rtf1\ansi\ansicpg1252\cocoartf2709
\cocoatextscaling0\cocoaplatform0{\fonttbl\f0\fnil\fcharset0 SourceSans3Roman-Light;}
{\colortbl;\red255\green255\blue255;}
{\*\expandedcolortbl;;}
\pard\tx560\tx1120\tx1680\tx2240\tx2800\tx3360\tx3920\tx4480\tx5040\tx5600\tx6160\tx6720\sl264\slmult1\sa120\pardirnatural\qj\partightenfactor0

\f0\fs24 \cf0 Attributes}]]></Format>
    </Style>
    <Style Name="Crossref Proposition*" ID="B8893B61-D82F-488F-875E-7708B3DB4DB4" Type="Char" Box="0.9 0.9 0.99982">
        <Format><![CDATA[{\rtf1\ansi\ansicpg1252\cocoartf2709
\cocoatextscaling0\cocoaplatform0{\fonttbl\f0\fnil\fcharset0 SourceSans3Roman-Light;}
{\colortbl;\red255\green255\blue255;}
{\*\expandedcolortbl;;}
\pard\tx560\tx1120\tx1680\tx2240\tx2800\tx3360\tx3920\tx4480\tx5040\tx5600\tx6160\tx6720\sl264\slmult1\sa120\pardirnatural\qj\partightenfactor0

\f0\fs24 \cf0 Attributes}]]></Format>
    </Style>
    <Style Name="Crossref Theorem*" ID="78C614D9-DB43-454B-83D6-AE5BBFA6B20D" Type="Char" Box="0.9 0.9 0.99982">
        <Format><![CDATA[{\rtf1\ansi\ansicpg1252\cocoartf2709
\cocoatextscaling0\cocoaplatform0{\fonttbl\f0\fnil\fcharset0 SourceSans3Roman-Light;}
{\colortbl;\red255\green255\blue255;}
{\*\expandedcolortbl;;}
\pard\tx560\tx1120\tx1680\tx2240\tx2800\tx3360\tx3920\tx4480\tx5040\tx5600\tx6160\tx6720\sl264\slmult1\sa120\pardirnatural\qj\partightenfactor0

\f0\fs24 \cf0 Attributes}]]></Format>
    </Style>
    <Style Name="Shortcode Meta" ID="7FD0704E-A636-42A8-92EE-A0737CE50329" Type="Char" Box="0.9 0.9 0.99982">
        <Format><![CDATA[{\rtf1\ansi\ansicpg1252\cocoartf2709
\cocoatextscaling0\cocoaplatform0{\fonttbl\f0\fnil\fcharset0 AlegreyaSans-Regular;}
{\colortbl;\red255\green255\blue255;}
{\*\expandedcolortbl;;}
\deftab720
\pard\tx560\tx1120\tx1680\tx2240\tx2800\tx3360\tx3920\tx4480\tx5040\tx5600\tx6160\tx6720\pardeftab720\fi708\sl264\slmult1\sa120\pardirnatural\qj\partightenfactor0

\f0\fs24 \cf0 \expnd0\expndtw0\kerning0
Attributes}]]></Format>
    </Style>
    <Style Name="Shortcode Env" ID="1F8750B2-26EA-4EFA-8566-FB9DC79FC909" Type="Char" Box="0.9 0.9 0.99982">
        <Format><![CDATA[{\rtf1\ansi\ansicpg1252\cocoartf2709
\cocoatextscaling0\cocoaplatform0{\fonttbl\f0\fnil\fcharset0 AlegreyaSans-Regular;}
{\colortbl;\red255\green255\blue255;}
{\*\expandedcolortbl;;}
\deftab720
\pard\tx560\tx1120\tx1680\tx2240\tx2800\tx3360\tx3920\tx4480\tx5040\tx5600\tx6160\tx6720\pardeftab720\fi708\sl264\slmult1\sa120\pardirnatural\qj\partightenfactor0

\f0\fs24 \cf0 \expnd0\expndtw0\kerning0
Attributes}]]></Format>
    </Style>
    <Style Name="Shortcode Var" ID="AE255381-591D-4DCB-9A36-4967EC24B08B" Type="Char" Box="0.9 0.9 0.99982">
        <Format><![CDATA[{\rtf1\ansi\ansicpg1252\cocoartf2709
\cocoatextscaling0\cocoaplatform0{\fonttbl\f0\fnil\fcharset0 AlegreyaSans-Regular;}
{\colortbl;\red255\green255\blue255;}
{\*\expandedcolortbl;;}
\deftab720
\pard\tx560\tx1120\tx1680\tx2240\tx2800\tx3360\tx3920\tx4480\tx5040\tx5600\tx6160\tx6720\pardeftab720\fi708\sl264\slmult1\sa120\pardirnatural\qj\partightenfactor0

\f0\fs24 \cf0 \expnd0\expndtw0\kerning0
Attributes}]]></Format>
    </Style>
    <Style Name="Shortcode Font Awesome" ID="286C4228-3ADA-4D6B-89FF-CE7B58DC9579" Type="Char" Box="0.9 0.9 0.99982">
        <Format><![CDATA[{\rtf1\ansi\ansicpg1252\cocoartf2709
\cocoatextscaling0\cocoaplatform0{\fonttbl\f0\fnil\fcharset0 AlegreyaSans-Regular;}
{\colortbl;\red255\green255\blue255;}
{\*\expandedcolortbl;;}
\deftab720
\pard\tx560\tx1120\tx1680\tx2240\tx2800\tx3360\tx3920\tx4480\tx5040\tx5600\tx6160\tx6720\pardeftab720\fi708\sl264\slmult1\sa120\pardirnatural\qj\partightenfactor0

\f0\fs24 \cf0 \expnd0\expndtw0\kerning0
Attributes}]]></Format>
    </Style>
    <Style Name="Code Escape Shortcode" ID="D60E5E53-4D8C-4F09-BD46-F7AEF2646256" Type="Para">
        <Format><![CDATA[{\rtf1\ansi\ansicpg1252\cocoartf2709
\cocoatextscaling0\cocoaplatform0{\fonttbl\f0\fnil\fcharset0 AlegreyaSans-Regular;}
{\colortbl;\red255\green255\blue255;}
{\*\expandedcolortbl;;}
\deftab720
\pard\tx560\tx1120\tx1680\tx2240\tx2800\tx3360\tx3920\tx4480\tx5040\tx5600\tx6160\tx6720\pardeftab720\fi708\sl264\slmult1\sa120\pardirnatural\qj\partightenfactor0

\f0\fs24 \cf0 \expnd0\expndtw0\kerning0
Attributes}]]></Format>
    </Style>
    <Style Name="Add to Zotero" ID="B262AE47-7B36-4E65-A531-332C3CBD20BE" Type="Para" Box="0.9 0.9 0.99982">
        <Format><![CDATA[{\rtf1\ansi\ansicpg1252\cocoartf2709
\cocoatextscaling0\cocoaplatform0{\fonttbl\f0\fnil\fcharset0 GentiumPlus;}
{\colortbl;\red255\green255\blue255;}
{\*\expandedcolortbl;;}
\pard\tx0\tx0\tx567\tx1134\tx1701\sl288\slmult1\pardirnatural\qj\partightenfactor0

\f0\fs24 \cf0 Attributes}]]></Format>
    </Style>
</Styles>