<?xml version="1.0" encoding="UTF-8"?>
<Snapshots Version="1.0">
    <Snapshot>
        <Title>Complete Table</Title>
        <Date>2023-08-12 21:47:35 -0300</Date>
        <StyleIDs>5D57CCB7-3104-4601-9E42-E77D0E0B01E0</StyleIDs>
    </Snapshot>
    <Snapshot>
        <Title>Merged Cells</Title>
        <Date>2023-08-12 21:48:21 -0300</Date>
        <StyleIDs>5D57CCB7-3104-4601-9E42-E77D0E0B01E0,BC8ECB69-3702-497E-9C10-0F825A64AB4E</StyleIDs>
    </Snapshot>
    <Snapshot>
        <Title>Grid Table</Title>
        <Date>2023-08-12 21:50:00 -0300</Date>
        <StyleIDs>1D61A071-0914-4B6A-A802-D1D8708DEF8B,589F68A6-305C-41D6-8FBA-58708123CC5E</StyleIDs>
    </Snapshot>
    <Snapshot>
        <Title>Scrivener Native with &lt;br&gt;</Title>
        <Date>2023-08-12 22:13:42 -0300</Date>
        <StyleIDs>5D57CCB7-3104-4601-9E42-E77D0E0B01E0,589F68A6-305C-41D6-8FBA-58708123CC5E</StyleIDs>
    </Snapshot>
</Snapshots>